Year,SERIES,Reference area,UNIT_MEASURE,GeoCode,Value
2015,"11.6.4 Annual average of the parameters of CO, NO2, SO2, TSP, PM2.5 and PM10",,Percent,,4
2016,"11.6.4 Annual average of the parameters of CO, NO2, SO2, TSP, PM2.5 and PM10",,Percent,,4
2017,"11.6.4 Annual average of the parameters of CO, NO2, SO2, TSP, PM2.5 and PM10",,Percent,,4
2018,"11.6.4 Annual average of the parameters of CO, NO2, SO2, TSP, PM2.5 and PM10",,Percent,,4
2019,"11.6.4 Annual average of the parameters of CO, NO2, SO2, TSP, PM2.5 and PM10",,Percent,,4
2020,"11.6.4 Annual average of the parameters of CO, NO2, SO2, TSP, PM2.5 and PM10",,Percent,,5
