Year,SERIES,Reference area,UNIT_MEASURE,GeoCode,Value
2017,14.2.1 Key ecosystem function and service of marine and coast area maintained and restore as necessary,,Percent,,50
2018,14.2.1 Key ecosystem function and service of marine and coast area maintained and restore as necessary,,Percent,,50
2019,14.2.1 Key ecosystem function and service of marine and coast area maintained and restore as necessary,,Percent,,50
2020,14.2.1 Key ecosystem function and service of marine and coast area maintained and restore as necessary,,Percent,,55
