Year,SERIES,Reference area,UNIT_MEASURE,GeoCode,Value
2015,3.5.2 Percentage of adult population with depression received treatment,,Percent,,2
2016,3.5.2 Percentage of adult population with depression received treatment,,Percent,,4
2017,3.5.2 Percentage of adult population with depression received treatment,,Percent,,6
2018,3.5.2 Percentage of adult population with depression received treatment,,Percent,,10
2019,3.5.2 Percentage of adult population with depression received treatment,,Percent,,15
2020,3.5.2 Percentage of adult population with depression received treatment,,Percent,,20
