Year,SERIES,តំបន់យោង,UNIT_MEASURE,GeoCode,Value
2015,១១.៦.៣ ភាគរយនៃសំណល់រឹងត្រូវបានគ្រប់គ្រងតាមគោលការណ៍បច្ចេកទេស,,ភាគរយ,,50
2016,១១.៦.៣ ភាគរយនៃសំណល់រឹងត្រូវបានគ្រប់គ្រងតាមគោលការណ៍បច្ចេកទេស,,ភាគរយ,,50
2017,១១.៦.៣ ភាគរយនៃសំណល់រឹងត្រូវបានគ្រប់គ្រងតាមគោលការណ៍បច្ចេកទេស,,ភាគរយ,,50
2018,១១.៦.៣ ភាគរយនៃសំណល់រឹងត្រូវបានគ្រប់គ្រងតាមគោលការណ៍បច្ចេកទេស,,ភាគរយ,,50
2019,១១.៦.៣ ភាគរយនៃសំណល់រឹងត្រូវបានគ្រប់គ្រងតាមគោលការណ៍បច្ចេកទេស,,ភាគរយ,,55
2020,១១.៦.៣ ភាគរយនៃសំណល់រឹងត្រូវបានគ្រប់គ្រងតាមគោលការណ៍បច្ចេកទេស,,ភាគរយ,,55
