Year,SERIES,តំបន់យោង,UNIT_MEASURE,GeoCode,Value
2016,១៣.៣.២ ភាគរយនៃគ្រួសារកសិករដាំដុះដំណាំចិញ្ចឹមសត្វចិញ្ចឹមត្រីអ្នកនេសាទនិងប្រជាសហគមន៍មូលដ្ឋានដែលទទួលការផ្សព្វផ្សាយនិងបណ្តុះបណ្តាលទាក់ទងនឹងការប្រែប្រួលអាកាសធាតុ,,ភាគរយ,,0.06
2017,១៣.៣.២ ភាគរយនៃគ្រួសារកសិករដាំដុះដំណាំចិញ្ចឹមសត្វចិញ្ចឹមត្រីអ្នកនេសាទនិងប្រជាសហគមន៍មូលដ្ឋានដែលទទួលការផ្សព្វផ្សាយនិងបណ្តុះបណ្តាលទាក់ទងនឹងការប្រែប្រួលអាកាសធាតុ,,ភាគរយ,,0.12
2018,១៣.៣.២ ភាគរយនៃគ្រួសារកសិករដាំដុះដំណាំចិញ្ចឹមសត្វចិញ្ចឹមត្រីអ្នកនេសាទនិងប្រជាសហគមន៍មូលដ្ឋានដែលទទួលការផ្សព្វផ្សាយនិងបណ្តុះបណ្តាលទាក់ទងនឹងការប្រែប្រួលអាកាសធាតុ,,ភាគរយ,,0.18
2019,១៣.៣.២ ភាគរយនៃគ្រួសារកសិករដាំដុះដំណាំចិញ្ចឹមសត្វចិញ្ចឹមត្រីអ្នកនេសាទនិងប្រជាសហគមន៍មូលដ្ឋានដែលទទួលការផ្សព្វផ្សាយនិងបណ្តុះបណ្តាលទាក់ទងនឹងការប្រែប្រួលអាកាសធាតុ,,ភាគរយ,,0.24
2020,១៣.៣.២ ភាគរយនៃគ្រួសារកសិករដាំដុះដំណាំចិញ្ចឹមសត្វចិញ្ចឹមត្រីអ្នកនេសាទនិងប្រជាសហគមន៍មូលដ្ឋានដែលទទួលការផ្សព្វផ្សាយនិងបណ្តុះបណ្តាលទាក់ទងនឹងការប្រែប្រួលអាកាសធាតុ,,ភាគរយ,,0.3
