Year,SERIES,តំបន់យោង,UNIT_MEASURE,GeoCode,Value
2016,១៤.៥.១ ភាគរយនៃទំហំតំបន់អភិរក្សជលផលទាំងតំបន់ឆ្នេរ និងទឹកសាប ដែលបានការពារ,,ភាគរយ,,20
2017,១៤.៥.១ ភាគរយនៃទំហំតំបន់អភិរក្សជលផលទាំងតំបន់ឆ្នេរ និងទឹកសាប ដែលបានការពារ,,ភាគរយ,,25
2018,១៤.៥.១ ភាគរយនៃទំហំតំបន់អភិរក្សជលផលទាំងតំបន់ឆ្នេរ និងទឹកសាប ដែលបានការពារ,,ភាគរយ,,30
2019,១៤.៥.១ ភាគរយនៃទំហំតំបន់អភិរក្សជលផលទាំងតំបន់ឆ្នេរ និងទឹកសាប ដែលបានការពារ,,ភាគរយ,,35
2020,១៤.៥.១ ភាគរយនៃទំហំតំបន់អភិរក្សជលផលទាំងតំបន់ឆ្នេរ និងទឹកសាប ដែលបានការពារ,,ភាគរយ,,40
