Year,SERIES,តំបន់យោង,UNIT_MEASURE,GeoCode,Value
2015,១៦.៣.១ សមាមាត្រនៃប្រជាជនដែលបានចូលរួមក្នុងការផ្សព្វផ្សាយច្បាប់,,ក្នុងមួយប្រជាជន ១០០.០០០ នាក់,,1.48
2016,១៦.៣.១ សមាមាត្រនៃប្រជាជនដែលបានចូលរួមក្នុងការផ្សព្វផ្សាយច្បាប់,,ក្នុងមួយប្រជាជន ១០០.០០០ នាក់,,3.71
2017,១៦.៣.១ សមាមាត្រនៃប្រជាជនដែលបានចូលរួមក្នុងការផ្សព្វផ្សាយច្បាប់,,ក្នុងមួយប្រជាជន ១០០.០០០ នាក់,,3.74
2018,១៦.៣.១ សមាមាត្រនៃប្រជាជនដែលបានចូលរួមក្នុងការផ្សព្វផ្សាយច្បាប់,,ក្នុងមួយប្រជាជន ១០០.០០០ នាក់,,3.77
2019,១៦.៣.១ សមាមាត្រនៃប្រជាជនដែលបានចូលរួមក្នុងការផ្សព្វផ្សាយច្បាប់,,ក្នុងមួយប្រជាជន ១០០.០០០ នាក់,,3.82
2020,១៦.៣.១ សមាមាត្រនៃប្រជាជនដែលបានចូលរួមក្នុងការផ្សព្វផ្សាយច្បាប់,,ក្នុងមួយប្រជាជន ១០០.០០០ នាក់,,3.82
