Year,SERIES,តំបន់យោង,UNIT_MEASURE,GeoCode,Value
1979,១៨.២.១ ចំនួននៃជនរងគ្រោះថ្នាក់ (ស្លាប់និងរបួស) ដោយគ្រាប់មីន និងសំណល់ជាតិផ្ទុះពីសង្គ្រាម,,ចំនួន,,4674
1980,១៨.២.១ ចំនួននៃជនរងគ្រោះថ្នាក់ (ស្លាប់និងរបួស) ដោយគ្រាប់មីន និងសំណល់ជាតិផ្ទុះពីសង្គ្រាម,,ចំនួន,,1343
1981,១៨.២.១ ចំនួននៃជនរងគ្រោះថ្នាក់ (ស្លាប់និងរបួស) ដោយគ្រាប់មីន និងសំណល់ជាតិផ្ទុះពីសង្គ្រាម,,ចំនួន,,1021
1982,១៨.២.១ ចំនួននៃជនរងគ្រោះថ្នាក់ (ស្លាប់និងរបួស) ដោយគ្រាប់មីន និងសំណល់ជាតិផ្ទុះពីសង្គ្រាម,,ចំនួន,,1893
1983,១៨.២.១ ចំនួននៃជនរងគ្រោះថ្នាក់ (ស្លាប់និងរបួស) ដោយគ្រាប់មីន និងសំណល់ជាតិផ្ទុះពីសង្គ្រាម,,ចំនួន,,2761
1984,១៨.២.១ ចំនួននៃជនរងគ្រោះថ្នាក់ (ស្លាប់និងរបួស) ដោយគ្រាប់មីន និងសំណល់ជាតិផ្ទុះពីសង្គ្រាម,,ចំនួន,,2966
1985,១៨.២.១ ចំនួននៃជនរងគ្រោះថ្នាក់ (ស្លាប់និងរបួស) ដោយគ្រាប់មីន និងសំណល់ជាតិផ្ទុះពីសង្គ្រាម,,ចំនួន,,3520
1986,១៨.២.១ ចំនួននៃជនរងគ្រោះថ្នាក់ (ស្លាប់និងរបួស) ដោយគ្រាប់មីន និងសំណល់ជាតិផ្ទុះពីសង្គ្រាម,,ចំនួន,,2902
1987,១៨.២.១ ចំនួននៃជនរងគ្រោះថ្នាក់ (ស្លាប់និងរបួស) ដោយគ្រាប់មីន និងសំណល់ជាតិផ្ទុះពីសង្គ្រាម,,ចំនួន,,3533
1988,១៨.២.១ ចំនួននៃជនរងគ្រោះថ្នាក់ (ស្លាប់និងរបួស) ដោយគ្រាប់មីន និងសំណល់ជាតិផ្ទុះពីសង្គ្រាម,,ចំនួន,,2967
1989,១៨.២.១ ចំនួននៃជនរងគ្រោះថ្នាក់ (ស្លាប់និងរបួស) ដោយគ្រាប់មីន និងសំណល់ជាតិផ្ទុះពីសង្គ្រាម,,ចំនួន,,3333
1990,១៨.២.១ ចំនួននៃជនរងគ្រោះថ្នាក់ (ស្លាប់និងរបួស) ដោយគ្រាប់មីន និងសំណល់ជាតិផ្ទុះពីសង្គ្រាម,,ចំនួន,,3000
1991,១៨.២.១ ចំនួននៃជនរងគ្រោះថ្នាក់ (ស្លាប់និងរបួស) ដោយគ្រាប់មីន និងសំណល់ជាតិផ្ទុះពីសង្គ្រាម,,ចំនួន,,2427
1992,១៨.២.១ ចំនួននៃជនរងគ្រោះថ្នាក់ (ស្លាប់និងរបួស) ដោយគ្រាប់មីន និងសំណល់ជាតិផ្ទុះពីសង្គ្រាម,,ចំនួន,,2189
1993,១៨.២.១ ចំនួននៃជនរងគ្រោះថ្នាក់ (ស្លាប់និងរបួស) ដោយគ្រាប់មីន និងសំណល់ជាតិផ្ទុះពីសង្គ្រាម,,ចំនួន,,2535
1994,១៨.២.១ ចំនួននៃជនរងគ្រោះថ្នាក់ (ស្លាប់និងរបួស) ដោយគ្រាប់មីន និងសំណល់ជាតិផ្ទុះពីសង្គ្រាម,,ចំនួន,,2809
1995,១៨.២.១ ចំនួននៃជនរងគ្រោះថ្នាក់ (ស្លាប់និងរបួស) ដោយគ្រាប់មីន និងសំណល់ជាតិផ្ទុះពីសង្គ្រាម,,ចំនួន,,3333
1996,១៨.២.១ ចំនួននៃជនរងគ្រោះថ្នាក់ (ស្លាប់និងរបួស) ដោយគ្រាប់មីន និងសំណល់ជាតិផ្ទុះពីសង្គ្រាម,,ចំនួន,,4320
1997,១៨.២.១ ចំនួននៃជនរងគ្រោះថ្នាក់ (ស្លាប់និងរបួស) ដោយគ្រាប់មីន និងសំណល់ជាតិផ្ទុះពីសង្គ្រាម,,ចំនួន,,2298
1998,១៨.២.១ ចំនួននៃជនរងគ្រោះថ្នាក់ (ស្លាប់និងរបួស) ដោយគ្រាប់មីន និងសំណល់ជាតិផ្ទុះពីសង្គ្រាម,,ចំនួន,,2150
1999,១៨.២.១ ចំនួននៃជនរងគ្រោះថ្នាក់ (ស្លាប់និងរបួស) ដោយគ្រាប់មីន និងសំណល់ជាតិផ្ទុះពីសង្គ្រាម,,ចំនួន,,1153
2000,១៨.២.១ ចំនួននៃជនរងគ្រោះថ្នាក់ (ស្លាប់និងរបួស) ដោយគ្រាប់មីន និងសំណល់ជាតិផ្ទុះពីសង្គ្រាម,,ចំនួន,,858
2001,១៨.២.១ ចំនួននៃជនរងគ្រោះថ្នាក់ (ស្លាប់និងរបួស) ដោយគ្រាប់មីន និងសំណល់ជាតិផ្ទុះពីសង្គ្រាម,,ចំនួន,,826
2002,១៨.២.១ ចំនួននៃជនរងគ្រោះថ្នាក់ (ស្លាប់និងរបួស) ដោយគ្រាប់មីន និងសំណល់ជាតិផ្ទុះពីសង្គ្រាម,,ចំនួន,,847
2003,១៨.២.១ ចំនួននៃជនរងគ្រោះថ្នាក់ (ស្លាប់និងរបួស) ដោយគ្រាប់មីន និងសំណល់ជាតិផ្ទុះពីសង្គ្រាម,,ចំនួន,,772
2004,១៨.២.១ ចំនួននៃជនរងគ្រោះថ្នាក់ (ស្លាប់និងរបួស) ដោយគ្រាប់មីន និងសំណល់ជាតិផ្ទុះពីសង្គ្រាម,,ចំនួន,,898
2005,១៨.២.១ ចំនួននៃជនរងគ្រោះថ្នាក់ (ស្លាប់និងរបួស) ដោយគ្រាប់មីន និងសំណល់ជាតិផ្ទុះពីសង្គ្រាម,,ចំនួន,,875
2006,១៨.២.១ ចំនួននៃជនរងគ្រោះថ្នាក់ (ស្លាប់និងរបួស) ដោយគ្រាប់មីន និងសំណល់ជាតិផ្ទុះពីសង្គ្រាម,,ចំនួន,,450
2007,១៨.២.១ ចំនួននៃជនរងគ្រោះថ្នាក់ (ស្លាប់និងរបួស) ដោយគ្រាប់មីន និងសំណល់ជាតិផ្ទុះពីសង្គ្រាម,,ចំនួន,,352
2008,១៨.២.១ ចំនួននៃជនរងគ្រោះថ្នាក់ (ស្លាប់និងរបួស) ដោយគ្រាប់មីន និងសំណល់ជាតិផ្ទុះពីសង្គ្រាម,,ចំនួន,,271
2009,១៨.២.១ ចំនួននៃជនរងគ្រោះថ្នាក់ (ស្លាប់និងរបួស) ដោយគ្រាប់មីន និងសំណល់ជាតិផ្ទុះពីសង្គ្រាម,,ចំនួន,,244
2010,១៨.២.១ ចំនួននៃជនរងគ្រោះថ្នាក់ (ស្លាប់និងរបួស) ដោយគ្រាប់មីន និងសំណល់ជាតិផ្ទុះពីសង្គ្រាម,,ចំនួន,,286
2011,១៨.២.១ ចំនួននៃជនរងគ្រោះថ្នាក់ (ស្លាប់និងរបួស) ដោយគ្រាប់មីន និងសំណល់ជាតិផ្ទុះពីសង្គ្រាម,,ចំនួន,,211
2012,១៨.២.១ ចំនួននៃជនរងគ្រោះថ្នាក់ (ស្លាប់និងរបួស) ដោយគ្រាប់មីន និងសំណល់ជាតិផ្ទុះពីសង្គ្រាម,,ចំនួន,,186
2013,១៨.២.១ ចំនួននៃជនរងគ្រោះថ្នាក់ (ស្លាប់និងរបួស) ដោយគ្រាប់មីន និងសំណល់ជាតិផ្ទុះពីសង្គ្រាម,,ចំនួន,,111
2014,១៨.២.១ ចំនួននៃជនរងគ្រោះថ្នាក់ (ស្លាប់និងរបួស) ដោយគ្រាប់មីន និងសំណល់ជាតិផ្ទុះពីសង្គ្រាម,,ចំនួន,,154
2015,១៨.២.១ ចំនួននៃជនរងគ្រោះថ្នាក់ (ស្លាប់និងរបួស) ដោយគ្រាប់មីន និងសំណល់ជាតិផ្ទុះពីសង្គ្រាម,,ចំនួន,,111
2016,១៨.២.១ ចំនួននៃជនរងគ្រោះថ្នាក់ (ស្លាប់និងរបួស) ដោយគ្រាប់មីន និងសំណល់ជាតិផ្ទុះពីសង្គ្រាម,,ចំនួន,,83
2017,១៨.២.១ ចំនួននៃជនរងគ្រោះថ្នាក់ (ស្លាប់និងរបួស) ដោយគ្រាប់មីន និងសំណល់ជាតិផ្ទុះពីសង្គ្រាម,,ចំនួន,,58
2018,១៨.២.១ ចំនួននៃជនរងគ្រោះថ្នាក់ (ស្លាប់និងរបួស) ដោយគ្រាប់មីន និងសំណល់ជាតិផ្ទុះពីសង្គ្រាម,,ចំនួន,,58
2019,១៨.២.១ ចំនួននៃជនរងគ្រោះថ្នាក់ (ស្លាប់និងរបួស) ដោយគ្រាប់មីន និងសំណល់ជាតិផ្ទុះពីសង្គ្រាម,,ចំនួន,,77
2020,១៨.២.១ ចំនួននៃជនរងគ្រោះថ្នាក់ (ស្លាប់និងរបួស) ដោយគ្រាប់មីន និងសំណល់ជាតិផ្ទុះពីសង្គ្រាម,,ចំនួន,,65
2018,១៨.២.១ ចំនួននៃជនរងគ្រោះថ្នាក់ (ស្លាប់និងរបួស) ដោយគ្រាប់មីន និងសំណល់ជាតិផ្ទុះពីសង្គ្រាម,ព្រះវិហារ,ចំនួន,KH13,8
2019,១៨.២.១ ចំនួននៃជនរងគ្រោះថ្នាក់ (ស្លាប់និងរបួស) ដោយគ្រាប់មីន និងសំណល់ជាតិផ្ទុះពីសង្គ្រាម,ព្រះវិហារ,ចំនួន,KH13,6
2020,១៨.២.១ ចំនួននៃជនរងគ្រោះថ្នាក់ (ស្លាប់និងរបួស) ដោយគ្រាប់មីន និងសំណល់ជាតិផ្ទុះពីសង្គ្រាម,ព្រះវិហារ,ចំនួន,KH13,12
2018,១៨.២.១ ចំនួននៃជនរងគ្រោះថ្នាក់ (ស្លាប់និងរបួស) ដោយគ្រាប់មីន និងសំណល់ជាតិផ្ទុះពីសង្គ្រាម,កំពង់ធំ,ចំនួន,KH06,0
2019,១៨.២.១ ចំនួននៃជនរងគ្រោះថ្នាក់ (ស្លាប់និងរបួស) ដោយគ្រាប់មីន និងសំណល់ជាតិផ្ទុះពីសង្គ្រាម,កំពង់ធំ,ចំនួន,KH06,0
2020,១៨.២.១ ចំនួននៃជនរងគ្រោះថ្នាក់ (ស្លាប់និងរបួស) ដោយគ្រាប់មីន និងសំណល់ជាតិផ្ទុះពីសង្គ្រាម,កំពង់ធំ,ចំនួន,KH06,3
2018,១៨.២.១ ចំនួននៃជនរងគ្រោះថ្នាក់ (ស្លាប់និងរបួស) ដោយគ្រាប់មីន និងសំណល់ជាតិផ្ទុះពីសង្គ្រាម,ពោធិសាត់,ចំនួន,KH15,3
2019,១៨.២.១ ចំនួននៃជនរងគ្រោះថ្នាក់ (ស្លាប់និងរបួស) ដោយគ្រាប់មីន និងសំណល់ជាតិផ្ទុះពីសង្គ្រាម,ពោធិសាត់,ចំនួន,KH15,3
2020,១៨.២.១ ចំនួននៃជនរងគ្រោះថ្នាក់ (ស្លាប់និងរបួស) ដោយគ្រាប់មីន និងសំណល់ជាតិផ្ទុះពីសង្គ្រាម,ពោធិសាត់,ចំនួន,KH15,10
2018,១៨.២.១ ចំនួននៃជនរងគ្រោះថ្នាក់ (ស្លាប់និងរបួស) ដោយគ្រាប់មីន និងសំណល់ជាតិផ្ទុះពីសង្គ្រាម,ព្រៃវែង,ចំនួន,KH14,0
2019,១៨.២.១ ចំនួននៃជនរងគ្រោះថ្នាក់ (ស្លាប់និងរបួស) ដោយគ្រាប់មីន និងសំណល់ជាតិផ្ទុះពីសង្គ្រាម,ព្រៃវែង,ចំនួន,KH14,0
2020,១៨.២.១ ចំនួននៃជនរងគ្រោះថ្នាក់ (ស្លាប់និងរបួស) ដោយគ្រាប់មីន និងសំណល់ជាតិផ្ទុះពីសង្គ្រាម,ព្រៃវែង,ចំនួន,KH14,0
2018,១៨.២.១ ចំនួននៃជនរងគ្រោះថ្នាក់ (ស្លាប់និងរបួស) ដោយគ្រាប់មីន និងសំណល់ជាតិផ្ទុះពីសង្គ្រាម,កំពង់ស្ពឺ,ចំនួន,KH05,11
2019,១៨.២.១ ចំនួននៃជនរងគ្រោះថ្នាក់ (ស្លាប់និងរបួស) ដោយគ្រាប់មីន និងសំណល់ជាតិផ្ទុះពីសង្គ្រាម,កំពង់ស្ពឺ,ចំនួន,KH05,0
2020,១៨.២.១ ចំនួននៃជនរងគ្រោះថ្នាក់ (ស្លាប់និងរបួស) ដោយគ្រាប់មីន និងសំណល់ជាតិផ្ទុះពីសង្គ្រាម,កំពង់ស្ពឺ,ចំនួន,KH05,0
2018,១៨.២.១ ចំនួននៃជនរងគ្រោះថ្នាក់ (ស្លាប់និងរបួស) ដោយគ្រាប់មីន និងសំណល់ជាតិផ្ទុះពីសង្គ្រាម,កែប,ចំនួន,KH23,0
2019,១៨.២.១ ចំនួននៃជនរងគ្រោះថ្នាក់ (ស្លាប់និងរបួស) ដោយគ្រាប់មីន និងសំណល់ជាតិផ្ទុះពីសង្គ្រាម,កែប,ចំនួន,KH23,0
2020,១៨.២.១ ចំនួននៃជនរងគ្រោះថ្នាក់ (ស្លាប់និងរបួស) ដោយគ្រាប់មីន និងសំណល់ជាតិផ្ទុះពីសង្គ្រាម,កែប,ចំនួន,KH23,0
2018,១៨.២.១ ចំនួននៃជនរងគ្រោះថ្នាក់ (ស្លាប់និងរបួស) ដោយគ្រាប់មីន និងសំណល់ជាតិផ្ទុះពីសង្គ្រាម,រតនគិរី,ចំនួន,KH16,2
2019,១៨.២.១ ចំនួននៃជនរងគ្រោះថ្នាក់ (ស្លាប់និងរបួស) ដោយគ្រាប់មីន និងសំណល់ជាតិផ្ទុះពីសង្គ្រាម,រតនគិរី,ចំនួន,KH16,12
2020,១៨.២.១ ចំនួននៃជនរងគ្រោះថ្នាក់ (ស្លាប់និងរបួស) ដោយគ្រាប់មីន និងសំណល់ជាតិផ្ទុះពីសង្គ្រាម,រតនគិរី,ចំនួន,KH16,0
2018,១៨.២.១ ចំនួននៃជនរងគ្រោះថ្នាក់ (ស្លាប់និងរបួស) ដោយគ្រាប់មីន និងសំណល់ជាតិផ្ទុះពីសង្គ្រាម,កោះកុង,ចំនួន,KH09,1
2019,១៨.២.១ ចំនួននៃជនរងគ្រោះថ្នាក់ (ស្លាប់និងរបួស) ដោយគ្រាប់មីន និងសំណល់ជាតិផ្ទុះពីសង្គ្រាម,កោះកុង,ចំនួន,KH09,1
2020,១៨.២.១ ចំនួននៃជនរងគ្រោះថ្នាក់ (ស្លាប់និងរបួស) ដោយគ្រាប់មីន និងសំណល់ជាតិផ្ទុះពីសង្គ្រាម,កោះកុង,ចំនួន,KH09,0
2018,១៨.២.១ ចំនួននៃជនរងគ្រោះថ្នាក់ (ស្លាប់និងរបួស) ដោយគ្រាប់មីន និងសំណល់ជាតិផ្ទុះពីសង្គ្រាម,កំពង់ឆ្នាំង,ចំនួន,KH04,2
2019,១៨.២.១ ចំនួននៃជនរងគ្រោះថ្នាក់ (ស្លាប់និងរបួស) ដោយគ្រាប់មីន និងសំណល់ជាតិផ្ទុះពីសង្គ្រាម,កំពង់ឆ្នាំង,ចំនួន,KH04,0
2020,១៨.២.១ ចំនួននៃជនរងគ្រោះថ្នាក់ (ស្លាប់និងរបួស) ដោយគ្រាប់មីន និងសំណល់ជាតិផ្ទុះពីសង្គ្រាម,កំពង់ឆ្នាំង,ចំនួន,KH04,0
2018,១៨.២.១ ចំនួននៃជនរងគ្រោះថ្នាក់ (ស្លាប់និងរបួស) ដោយគ្រាប់មីន និងសំណល់ជាតិផ្ទុះពីសង្គ្រាម,ភ្នំពេញ,ចំនួន,KH12,1
2019,១៨.២.១ ចំនួននៃជនរងគ្រោះថ្នាក់ (ស្លាប់និងរបួស) ដោយគ្រាប់មីន និងសំណល់ជាតិផ្ទុះពីសង្គ្រាម,ភ្នំពេញ,ចំនួន,KH12,4
2020,១៨.២.១ ចំនួននៃជនរងគ្រោះថ្នាក់ (ស្លាប់និងរបួស) ដោយគ្រាប់មីន និងសំណល់ជាតិផ្ទុះពីសង្គ្រាម,ភ្នំពេញ,ចំនួន,KH12,0
2018,១៨.២.១ ចំនួននៃជនរងគ្រោះថ្នាក់ (ស្លាប់និងរបួស) ដោយគ្រាប់មីន និងសំណល់ជាតិផ្ទុះពីសង្គ្រាម,បាត់ដំបង,ចំនួន,KH02,8
2019,១៨.២.១ ចំនួននៃជនរងគ្រោះថ្នាក់ (ស្លាប់និងរបួស) ដោយគ្រាប់មីន និងសំណល់ជាតិផ្ទុះពីសង្គ្រាម,បាត់ដំបង,ចំនួន,KH02,11
2020,១៨.២.១ ចំនួននៃជនរងគ្រោះថ្នាក់ (ស្លាប់និងរបួស) ដោយគ្រាប់មីន និងសំណល់ជាតិផ្ទុះពីសង្គ្រាម,បាត់ដំបង,ចំនួន,KH02,19
2018,១៨.២.១ ចំនួននៃជនរងគ្រោះថ្នាក់ (ស្លាប់និងរបួស) ដោយគ្រាប់មីន និងសំណល់ជាតិផ្ទុះពីសង្គ្រាម,ត្បូងឃ្មុំ,ចំនួន,KH25,1
2019,១៨.២.១ ចំនួននៃជនរងគ្រោះថ្នាក់ (ស្លាប់និងរបួស) ដោយគ្រាប់មីន និងសំណល់ជាតិផ្ទុះពីសង្គ្រាម,ត្បូងឃ្មុំ,ចំនួន,KH25,14
2020,១៨.២.១ ចំនួននៃជនរងគ្រោះថ្នាក់ (ស្លាប់និងរបួស) ដោយគ្រាប់មីន និងសំណល់ជាតិផ្ទុះពីសង្គ្រាម,ត្បូងឃ្មុំ,ចំនួន,KH25,2
2018,១៨.២.១ ចំនួននៃជនរងគ្រោះថ្នាក់ (ស្លាប់និងរបួស) ដោយគ្រាប់មីន និងសំណល់ជាតិផ្ទុះពីសង្គ្រាម,កំពត,ចំនួន,KH07,0
2019,១៨.២.១ ចំនួននៃជនរងគ្រោះថ្នាក់ (ស្លាប់និងរបួស) ដោយគ្រាប់មីន និងសំណល់ជាតិផ្ទុះពីសង្គ្រាម,កំពត,ចំនួន,KH07,0
2020,១៨.២.១ ចំនួននៃជនរងគ្រោះថ្នាក់ (ស្លាប់និងរបួស) ដោយគ្រាប់មីន និងសំណល់ជាតិផ្ទុះពីសង្គ្រាម,កំពត,ចំនួន,KH07,0
2018,១៨.២.១ ចំនួននៃជនរងគ្រោះថ្នាក់ (ស្លាប់និងរបួស) ដោយគ្រាប់មីន និងសំណល់ជាតិផ្ទុះពីសង្គ្រាម,មណ្ឌលគីរី,ចំនួន,KH11,2
2019,១៨.២.១ ចំនួននៃជនរងគ្រោះថ្នាក់ (ស្លាប់និងរបួស) ដោយគ្រាប់មីន និងសំណល់ជាតិផ្ទុះពីសង្គ្រាម,មណ្ឌលគីរី,ចំនួន,KH11,1
2020,១៨.២.១ ចំនួននៃជនរងគ្រោះថ្នាក់ (ស្លាប់និងរបួស) ដោយគ្រាប់មីន និងសំណល់ជាតិផ្ទុះពីសង្គ្រាម,មណ្ឌលគីរី,ចំនួន,KH11,1
2018,១៨.២.១ ចំនួននៃជនរងគ្រោះថ្នាក់ (ស្លាប់និងរបួស) ដោយគ្រាប់មីន និងសំណល់ជាតិផ្ទុះពីសង្គ្រាម,ស្វាយរៀង,ចំនួន,KH20,0
2019,១៨.២.១ ចំនួននៃជនរងគ្រោះថ្នាក់ (ស្លាប់និងរបួស) ដោយគ្រាប់មីន និងសំណល់ជាតិផ្ទុះពីសង្គ្រាម,ស្វាយរៀង,ចំនួន,KH20,2
2020,១៨.២.១ ចំនួននៃជនរងគ្រោះថ្នាក់ (ស្លាប់និងរបួស) ដោយគ្រាប់មីន និងសំណល់ជាតិផ្ទុះពីសង្គ្រាម,ស្វាយរៀង,ចំនួន,KH20,0
2018,១៨.២.១ ចំនួននៃជនរងគ្រោះថ្នាក់ (ស្លាប់និងរបួស) ដោយគ្រាប់មីន និងសំណល់ជាតិផ្ទុះពីសង្គ្រាម,បន្ទាយមានជ័យ,ចំនួន,KH01,3
2019,១៨.២.១ ចំនួននៃជនរងគ្រោះថ្នាក់ (ស្លាប់និងរបួស) ដោយគ្រាប់មីន និងសំណល់ជាតិផ្ទុះពីសង្គ្រាម,បន្ទាយមានជ័យ,ចំនួន,KH01,6
2020,១៨.២.១ ចំនួននៃជនរងគ្រោះថ្នាក់ (ស្លាប់និងរបួស) ដោយគ្រាប់មីន និងសំណល់ជាតិផ្ទុះពីសង្គ្រាម,បន្ទាយមានជ័យ,ចំនួន,KH01,7
2018,១៨.២.១ ចំនួននៃជនរងគ្រោះថ្នាក់ (ស្លាប់និងរបួស) ដោយគ្រាប់មីន និងសំណល់ជាតិផ្ទុះពីសង្គ្រាម,ស្ទឹងត្រែង,ចំនួន,KH19,0
2019,១៨.២.១ ចំនួននៃជនរងគ្រោះថ្នាក់ (ស្លាប់និងរបួស) ដោយគ្រាប់មីន និងសំណល់ជាតិផ្ទុះពីសង្គ្រាម,ស្ទឹងត្រែង,ចំនួន,KH19,0
2020,១៨.២.១ ចំនួននៃជនរងគ្រោះថ្នាក់ (ស្លាប់និងរបួស) ដោយគ្រាប់មីន និងសំណល់ជាតិផ្ទុះពីសង្គ្រាម,ស្ទឹងត្រែង,ចំនួន,KH19,1
2018,១៨.២.១ ចំនួននៃជនរងគ្រោះថ្នាក់ (ស្លាប់និងរបួស) ដោយគ្រាប់មីន និងសំណល់ជាតិផ្ទុះពីសង្គ្រាម,ខេត្តក្រចេះ,ចំនួន,KH10,3
2019,១៨.២.១ ចំនួននៃជនរងគ្រោះថ្នាក់ (ស្លាប់និងរបួស) ដោយគ្រាប់មីន និងសំណល់ជាតិផ្ទុះពីសង្គ្រាម,ខេត្តក្រចេះ,ចំនួន,KH10,3
2020,១៨.២.១ ចំនួននៃជនរងគ្រោះថ្នាក់ (ស្លាប់និងរបួស) ដោយគ្រាប់មីន និងសំណល់ជាតិផ្ទុះពីសង្គ្រាម,ខេត្តក្រចេះ,ចំនួន,KH10,4
2018,១៨.២.១ ចំនួននៃជនរងគ្រោះថ្នាក់ (ស្លាប់និងរបួស) ដោយគ្រាប់មីន និងសំណល់ជាតិផ្ទុះពីសង្គ្រាម,តាកែវ,ចំនួន,KH21,0
2019,១៨.២.១ ចំនួននៃជនរងគ្រោះថ្នាក់ (ស្លាប់និងរបួស) ដោយគ្រាប់មីន និងសំណល់ជាតិផ្ទុះពីសង្គ្រាម,តាកែវ,ចំនួន,KH21,0
2020,១៨.២.១ ចំនួននៃជនរងគ្រោះថ្នាក់ (ស្លាប់និងរបួស) ដោយគ្រាប់មីន និងសំណល់ជាតិផ្ទុះពីសង្គ្រាម,តាកែវ,ចំនួន,KH21,0
2018,១៨.២.១ ចំនួននៃជនរងគ្រោះថ្នាក់ (ស្លាប់និងរបួស) ដោយគ្រាប់មីន និងសំណល់ជាតិផ្ទុះពីសង្គ្រាម,ឧត្តរមានជ័យ,ចំនួន,KH22,5
2019,១៨.២.១ ចំនួននៃជនរងគ្រោះថ្នាក់ (ស្លាប់និងរបួស) ដោយគ្រាប់មីន និងសំណល់ជាតិផ្ទុះពីសង្គ្រាម,ឧត្តរមានជ័យ,ចំនួន,KH22,6
2020,១៨.២.១ ចំនួននៃជនរងគ្រោះថ្នាក់ (ស្លាប់និងរបួស) ដោយគ្រាប់មីន និងសំណល់ជាតិផ្ទុះពីសង្គ្រាម,ឧត្តរមានជ័យ,ចំនួន,KH22,3
2018,១៨.២.១ ចំនួននៃជនរងគ្រោះថ្នាក់ (ស្លាប់និងរបួស) ដោយគ្រាប់មីន និងសំណល់ជាតិផ្ទុះពីសង្គ្រាម,ប៉ៃលិន,ចំនួន,KH24,1
2019,១៨.២.១ ចំនួននៃជនរងគ្រោះថ្នាក់ (ស្លាប់និងរបួស) ដោយគ្រាប់មីន និងសំណល់ជាតិផ្ទុះពីសង្គ្រាម,ប៉ៃលិន,ចំនួន,KH24,2
2020,១៨.២.១ ចំនួននៃជនរងគ្រោះថ្នាក់ (ស្លាប់និងរបួស) ដោយគ្រាប់មីន និងសំណល់ជាតិផ្ទុះពីសង្គ្រាម,ប៉ៃលិន,ចំនួន,KH24,2
2018,១៨.២.១ ចំនួននៃជនរងគ្រោះថ្នាក់ (ស្លាប់និងរបួស) ដោយគ្រាប់មីន និងសំណល់ជាតិផ្ទុះពីសង្គ្រាម,កំពង់ចាម,ចំនួន,KH03,2
2019,១៨.២.១ ចំនួននៃជនរងគ្រោះថ្នាក់ (ស្លាប់និងរបួស) ដោយគ្រាប់មីន និងសំណល់ជាតិផ្ទុះពីសង្គ្រាម,កំពង់ចាម,ចំនួន,KH03,2
2020,១៨.២.១ ចំនួននៃជនរងគ្រោះថ្នាក់ (ស្លាប់និងរបួស) ដោយគ្រាប់មីន និងសំណល់ជាតិផ្ទុះពីសង្គ្រាម,កំពង់ចាម,ចំនួន,KH03,0
2018,១៨.២.១ ចំនួននៃជនរងគ្រោះថ្នាក់ (ស្លាប់និងរបួស) ដោយគ្រាប់មីន និងសំណល់ជាតិផ្ទុះពីសង្គ្រាម,កណ្តាល,ចំនួន,KH08,2
2019,១៨.២.១ ចំនួននៃជនរងគ្រោះថ្នាក់ (ស្លាប់និងរបួស) ដោយគ្រាប់មីន និងសំណល់ជាតិផ្ទុះពីសង្គ្រាម,កណ្តាល,ចំនួន,KH08,3
2020,១៨.២.១ ចំនួននៃជនរងគ្រោះថ្នាក់ (ស្លាប់និងរបួស) ដោយគ្រាប់មីន និងសំណល់ជាតិផ្ទុះពីសង្គ្រាម,កណ្តាល,ចំនួន,KH08,1
2018,១៨.២.១ ចំនួននៃជនរងគ្រោះថ្នាក់ (ស្លាប់និងរបួស) ដោយគ្រាប់មីន និងសំណល់ជាតិផ្ទុះពីសង្គ្រាម,ព្រះសីហនុ,ចំនួន,KH18,0
2019,១៨.២.១ ចំនួននៃជនរងគ្រោះថ្នាក់ (ស្លាប់និងរបួស) ដោយគ្រាប់មីន និងសំណល់ជាតិផ្ទុះពីសង្គ្រាម,ព្រះសីហនុ,ចំនួន,KH18,0
2020,១៨.២.១ ចំនួននៃជនរងគ្រោះថ្នាក់ (ស្លាប់និងរបួស) ដោយគ្រាប់មីន និងសំណល់ជាតិផ្ទុះពីសង្គ្រាម,ព្រះសីហនុ,ចំនួន,KH18,0
2018,១៨.២.១ ចំនួននៃជនរងគ្រោះថ្នាក់ (ស្លាប់និងរបួស) ដោយគ្រាប់មីន និងសំណល់ជាតិផ្ទុះពីសង្គ្រាម,សៀមរាប,ចំនួន,KH17,3
2019,១៨.២.១ ចំនួននៃជនរងគ្រោះថ្នាក់ (ស្លាប់និងរបួស) ដោយគ្រាប់មីន និងសំណល់ជាតិផ្ទុះពីសង្គ្រាម,សៀមរាប,ចំនួន,KH17,1
2020,១៨.២.១ ចំនួននៃជនរងគ្រោះថ្នាក់ (ស្លាប់និងរបួស) ដោយគ្រាប់មីន និងសំណល់ជាតិផ្ទុះពីសង្គ្រាម,សៀមរាប,ចំនួន,KH17,0
