Year,SERIES,តំបន់យោង,UNIT_MEASURE,GeoCode,Value
2015,១៨.២.២ ចំនួនភូមិដែលរងការគំរាមកំហែង ដោយសារមីននិងសំណល់ជាតិផ្ទុះពីសង្គ្រាមទទួលបានសារអប់រំគ្រោះថ្នាក់ដោយសារមីននិងសំណល់ជាតិផ្ទុះពីសង្គ្រាម,,ចំនួន,,300
2016,១៨.២.២ ចំនួនភូមិដែលរងការគំរាមកំហែង ដោយសារមីននិងសំណល់ជាតិផ្ទុះពីសង្គ្រាមទទួលបានសារអប់រំគ្រោះថ្នាក់ដោយសារមីននិងសំណល់ជាតិផ្ទុះពីសង្គ្រាម,,ចំនួន,,315
2017,១៨.២.២ ចំនួនភូមិដែលរងការគំរាមកំហែង ដោយសារមីននិងសំណល់ជាតិផ្ទុះពីសង្គ្រាមទទួលបានសារអប់រំគ្រោះថ្នាក់ដោយសារមីននិងសំណល់ជាតិផ្ទុះពីសង្គ្រាម,,ចំនួន,,330
2018,១៨.២.២ ចំនួនភូមិដែលរងការគំរាមកំហែង ដោយសារមីននិងសំណល់ជាតិផ្ទុះពីសង្គ្រាមទទួលបានសារអប់រំគ្រោះថ្នាក់ដោយសារមីននិងសំណល់ជាតិផ្ទុះពីសង្គ្រាម,,ចំនួន,,347
2019,១៨.២.២ ចំនួនភូមិដែលរងការគំរាមកំហែង ដោយសារមីននិងសំណល់ជាតិផ្ទុះពីសង្គ្រាមទទួលបានសារអប់រំគ្រោះថ្នាក់ដោយសារមីននិងសំណល់ជាតិផ្ទុះពីសង្គ្រាម,,ចំនួន,,364
2020,១៨.២.២ ចំនួនភូមិដែលរងការគំរាមកំហែង ដោយសារមីននិងសំណល់ជាតិផ្ទុះពីសង្គ្រាមទទួលបានសារអប់រំគ្រោះថ្នាក់ដោយសារមីននិងសំណល់ជាតិផ្ទុះពីសង្គ្រាម,,ចំនួន,,382
