Year,SERIES,តំបន់យោង,UNIT_MEASURE,GeoCode,Value
2015,១៨.៣.២ ចំនួនជនរងគ្រោះដោយសារមីន/សំណល់ជាតិផ្ទុះពីសង្រ្គាមទទួលបានសេវាស្តារលទ្ធភាពពលកម្ម,,ចំនួន,,1500
2016,១៨.៣.២ ចំនួនជនរងគ្រោះដោយសារមីន/សំណល់ជាតិផ្ទុះពីសង្រ្គាមទទួលបានសេវាស្តារលទ្ធភាពពលកម្ម,,ចំនួន,,2300
2017,១៨.៣.២ ចំនួនជនរងគ្រោះដោយសារមីន/សំណល់ជាតិផ្ទុះពីសង្រ្គាមទទួលបានសេវាស្តារលទ្ធភាពពលកម្ម,,ចំនួន,,3577
2018,១៨.៣.២ ចំនួនជនរងគ្រោះដោយសារមីន/សំណល់ជាតិផ្ទុះពីសង្រ្គាមទទួលបានសេវាស្តារលទ្ធភាពពលកម្ម,,ចំនួន,,3648
2019,១៨.៣.២ ចំនួនជនរងគ្រោះដោយសារមីន/សំណល់ជាតិផ្ទុះពីសង្រ្គាមទទួលបានសេវាស្តារលទ្ធភាពពលកម្ម,,ចំនួន,,3731
2020,១៨.៣.២ ចំនួនជនរងគ្រោះដោយសារមីន/សំណល់ជាតិផ្ទុះពីសង្រ្គាមទទួលបានសេវាស្តារលទ្ធភាពពលកម្ម,,ចំនួន,,3785
