Year,SERIES,តំបន់យោង,UNIT_MEASURE,GeoCode,Value
2016,២.៣.១ ទំហំផលិតកម្មកសិកម្មក្នុងកសិករម្នាក់ដែលប្រកបរបរកសិកម្ម(ស្រែចម្ការការចិញ្ចឹមសត្វនិងជលផល),,ដុល្លារអាមេរិកសម្រាប់កសិករម្នាក់,,1555
2017,២.៣.១ ទំហំផលិតកម្មកសិកម្មក្នុងកសិករម្នាក់ដែលប្រកបរបរកសិកម្ម(ស្រែចម្ការការចិញ្ចឹមសត្វនិងជលផល),,ដុល្លារអាមេរិកសម្រាប់កសិករម្នាក់,,1656
2018,២.៣.១ ទំហំផលិតកម្មកសិកម្មក្នុងកសិករម្នាក់ដែលប្រកបរបរកសិកម្ម(ស្រែចម្ការការចិញ្ចឹមសត្វនិងជលផល),,ដុល្លារអាមេរិកសម្រាប់កសិករម្នាក់,,1764
2019,២.៣.១ ទំហំផលិតកម្មកសិកម្មក្នុងកសិករម្នាក់ដែលប្រកបរបរកសិកម្ម(ស្រែចម្ការការចិញ្ចឹមសត្វនិងជលផល),,ដុល្លារអាមេរិកសម្រាប់កសិករម្នាក់,,1878
2020,២.៣.១ ទំហំផលិតកម្មកសិកម្មក្នុងកសិករម្នាក់ដែលប្រកបរបរកសិកម្ម(ស្រែចម្ការការចិញ្ចឹមសត្វនិងជលផល),,ដុល្លារអាមេរិកសម្រាប់កសិករម្នាក់,,2000
