Year,SERIES,តំបន់យោង,UNIT_MEASURE,GeoCode,Value
2016,២.៤.១ ផលិតភាពដីកសិកម្មដែលបាននិងកំពុងប្រើប្រាស់ធ្វើកសិកម្មប្រកបដោយចីរភាព,,ដុល្លារក្នុងមួយហិកតា,,1548
2017,២.៤.១ ផលិតភាពដីកសិកម្មដែលបាននិងកំពុងប្រើប្រាស់ធ្វើកសិកម្មប្រកបដោយចីរភាព,,ដុល្លារក្នុងមួយហិកតា,,1608
2018,២.៤.១ ផលិតភាពដីកសិកម្មដែលបាននិងកំពុងប្រើប្រាស់ធ្វើកសិកម្មប្រកបដោយចីរភាព,,ដុល្លារក្នុងមួយហិកតា,,1671
2019,២.៤.១ ផលិតភាពដីកសិកម្មដែលបាននិងកំពុងប្រើប្រាស់ធ្វើកសិកម្មប្រកបដោយចីរភាព,,ដុល្លារក្នុងមួយហិកតា,,1736
2020,២.៤.១ ផលិតភាពដីកសិកម្មដែលបាននិងកំពុងប្រើប្រាស់ធ្វើកសិកម្មប្រកបដោយចីរភាព,,ដុល្លារក្នុងមួយហិកតា,,1804
