Year,SERIES,តំបន់យោង,អាយុ,UNIT_MEASURE,GeoCode,Value
2010,៣.៦.២ ប្រេវ៉ាឡង់នៃការប្រើប្រាស់សារជាតិអាល់កុលក្នុងចំណោមមនុស្សពេញវ័យ ចាប់ពីអាយុ១៨ឆ្នាំឡើង,,អាយុ ១៨ ឆ្នាំឡើងទៅ,ភាគរយ,,53.5
2016,៣.៦.២ ប្រេវ៉ាឡង់នៃការប្រើប្រាស់សារជាតិអាល់កុលក្នុងចំណោមមនុស្សពេញវ័យ ចាប់ពីអាយុ១៨ឆ្នាំឡើង,,អាយុ ១៨ ឆ្នាំឡើងទៅ,ភាគរយ,,45.5
2017,៣.៦.២ ប្រេវ៉ាឡង់នៃការប្រើប្រាស់សារជាតិអាល់កុលក្នុងចំណោមមនុស្សពេញវ័យ ចាប់ពីអាយុ១៨ឆ្នាំឡើង,,អាយុ ១៨ ឆ្នាំឡើងទៅ,ភាគរយ,,45.5
2018,៣.៦.២ ប្រេវ៉ាឡង់នៃការប្រើប្រាស់សារជាតិអាល់កុលក្នុងចំណោមមនុស្សពេញវ័យ ចាប់ពីអាយុ១៨ឆ្នាំឡើង,,អាយុ ១៨ ឆ្នាំឡើងទៅ,ភាគរយ,,45.5
2019,៣.៦.២ ប្រេវ៉ាឡង់នៃការប្រើប្រាស់សារជាតិអាល់កុលក្នុងចំណោមមនុស្សពេញវ័យ ចាប់ពីអាយុ១៨ឆ្នាំឡើង,,អាយុ ១៨ ឆ្នាំឡើងទៅ,ភាគរយ,,45.4
2020,៣.៦.២ ប្រេវ៉ាឡង់នៃការប្រើប្រាស់សារជាតិអាល់កុលក្នុងចំណោមមនុស្សពេញវ័យ ចាប់ពីអាយុ១៨ឆ្នាំឡើង,,អាយុ ១៨ ឆ្នាំឡើងទៅ,ភាគរយ,,45.3
