Year,SERIES,តំបន់យោង,UNIT_MEASURE,GeoCode,Value
2015,៣.គ.១ ផលធៀបវេជ្ជបណ្ឌិត/គិលានុប្បដ្ឋាក/យិកា/ឆ្មប លើប្រជាជន១ ០០០នាក់,,ក្នុង ១.០០០ នាក់,,1.14
2016,៣.គ.១ ផលធៀបវេជ្ជបណ្ឌិត/គិលានុប្បដ្ឋាក/យិកា/ឆ្មប លើប្រជាជន១ ០០០នាក់,,ក្នុង ១.០០០ នាក់,,1.3
2017,៣.គ.១ ផលធៀបវេជ្ជបណ្ឌិត/គិលានុប្បដ្ឋាក/យិកា/ឆ្មប លើប្រជាជន១ ០០០នាក់,,ក្នុង ១.០០០ នាក់,,1.35
2018,៣.គ.១ ផលធៀបវេជ្ជបណ្ឌិត/គិលានុប្បដ្ឋាក/យិកា/ឆ្មប លើប្រជាជន១ ០០០នាក់,,ក្នុង ១.០០០ នាក់,,1.36
2019,៣.គ.១ ផលធៀបវេជ្ជបណ្ឌិត/គិលានុប្បដ្ឋាក/យិកា/ឆ្មប លើប្រជាជន១ ០០០នាក់,,ក្នុង ១.០០០ នាក់,,1.37
2020,៣.គ.១ ផលធៀបវេជ្ជបណ្ឌិត/គិលានុប្បដ្ឋាក/យិកា/ឆ្មប លើប្រជាជន១ ០០០នាក់,,ក្នុង ១.០០០ នាក់,,1.38
