Year,SERIES,តំបន់យោង,UNIT_MEASURE,GeoCode,Value
2016,៦.៤.១ តឹ្រមឆ្នាំ២០២៥ប្រជាជនកម្ពុជាគ្រប់រូបនៅទីប្រជុំជនទទួលបានទឹកស្អាតប្រើប្រាស់ប្រកបដោយចីរភាពគុណភាពល្អ និងតម្លៃសមរម្យ,,ភាគរយ,,83
2017,៦.៤.១ តឹ្រមឆ្នាំ២០២៥ប្រជាជនកម្ពុជាគ្រប់រូបនៅទីប្រជុំជនទទួលបានទឹកស្អាតប្រើប្រាស់ប្រកបដោយចីរភាពគុណភាពល្អ និងតម្លៃសមរម្យ,,ភាគរយ,,85
2018,៦.៤.១ តឹ្រមឆ្នាំ២០២៥ប្រជាជនកម្ពុជាគ្រប់រូបនៅទីប្រជុំជនទទួលបានទឹកស្អាតប្រើប្រាស់ប្រកបដោយចីរភាពគុណភាពល្អ និងតម្លៃសមរម្យ,,ភាគរយ,,87
2019,៦.៤.១ តឹ្រមឆ្នាំ២០២៥ប្រជាជនកម្ពុជាគ្រប់រូបនៅទីប្រជុំជនទទួលបានទឹកស្អាតប្រើប្រាស់ប្រកបដោយចីរភាពគុណភាពល្អ និងតម្លៃសមរម្យ,,ភាគរយ,,90
2020,៦.៤.១ តឹ្រមឆ្នាំ២០២៥ប្រជាជនកម្ពុជាគ្រប់រូបនៅទីប្រជុំជនទទួលបានទឹកស្អាតប្រើប្រាស់ប្រកបដោយចីរភាពគុណភាពល្អ និងតម្លៃសមរម្យ,,ភាគរយ,,93
