Year,SERIES,តំបន់យោង,UNIT_MEASURE,GeoCode,Value
2015,៧.២.១ ថាមពលកកើតឡើងវិញ,,ភាគរយ,,33.84
2016,៧.២.១ ថាមពលកកើតឡើងវិញ,,ភាគរយ,,37.1
2017,៧.២.១ ថាមពលកកើតឡើងវិញ,,ភាគរយ,,34.28
2018,៧.២.១ ថាមពលកកើតឡើងវិញ,,ភាគរយ,,49.46
2019,៧.២.១ ថាមពលកកើតឡើងវិញ,,ភាគរយ,,34.84
2020,៧.២.១ ថាមពលកកើតឡើងវិញ,,ភាគរយ,,33.0
