Year,SERIES,តំបន់យោង,UNIT_MEASURE,GeoCode,Value
2016,៩.៥.១ សមមាត្រនៃចំណាយលីការស្រាវជ្រាវនិងអភិវឌ្ឍធៀប នឹងផលិតផលក្នុងស្រុកសរុប,,ភាគរយ,,0.12
2017,៩.៥.១ សមមាត្រនៃចំណាយលីការស្រាវជ្រាវនិងអភិវឌ្ឍធៀប នឹងផលិតផលក្នុងស្រុកសរុប,,ភាគរយ,,0.13
2018,៩.៥.១ សមមាត្រនៃចំណាយលីការស្រាវជ្រាវនិងអភិវឌ្ឍធៀប នឹងផលិតផលក្នុងស្រុកសរុប,,ភាគរយ,,0.14
2019,៩.៥.១ សមមាត្រនៃចំណាយលីការស្រាវជ្រាវនិងអភិវឌ្ឍធៀប នឹងផលិតផលក្នុងស្រុកសរុប,,ភាគរយ,,0.16
2020,៩.៥.១ សមមាត្រនៃចំណាយលីការស្រាវជ្រាវនិងអភិវឌ្ឍធៀប នឹងផលិតផលក្នុងស្រុកសរុប,,ភាគរយ,,0.2
