Year,SERIES,REF_AREA,SEX,URBANISATION,UNIT_MEASURE,GeoCode,Value
2004,N_KH_04010102_01,,F,,PT,,20.0
2005,N_KH_04010102_01,,F,,PT,,18.5
2006,N_KH_04010102_01,,F,,PT,,35.2
2007,N_KH_04010102_01,,F,,PT,,44.2
2008,N_KH_04010102_01,,F,,PT,,45.9
2009,N_KH_04010102_01,,F,,PT,,47.3
2010,N_KH_04010102_01,,F,,PT,,44.3
2011,N_KH_04010102_01,,F,,PT,,41.6
2012,N_KH_04010102_01,,F,,PT,,40.4
2013,N_KH_04010102_01,,F,,PT,,40.0
2014,N_KH_04010102_01,,F,,PT,,41.8
2015,N_KH_04010102_01,,F,,PT,,41.3
2016,N_KH_04010102_01,,F,,PT,,46.0
2017,N_KH_04010102_01,,F,,PT,,49.0
2018,N_KH_04010102_01,,F,,PT,,50.2
2019,N_KH_04010102_01,,F,,PT,,49.5
2004,N_KH_04010102_01,,F,U,PT,,37.3
2005,N_KH_04010102_01,,F,U,PT,,33.8
2006,N_KH_04010102_01,,F,U,PT,,70.1
2007,N_KH_04010102_01,,F,U,PT,,79.8
2008,N_KH_04010102_01,,F,U,PT,,73.1
2009,N_KH_04010102_01,,F,U,PT,,64.8
2010,N_KH_04010102_01,,F,U,PT,,55.9
2011,N_KH_04010102_01,,F,U,PT,,50.3
2012,N_KH_04010102_01,,F,U,PT,,50.9
2013,N_KH_04010102_01,,F,U,PT,,50.0
2014,N_KH_04010102_01,,F,U,PT,,49.7
2015,N_KH_04010102_01,,F,U,PT,,44.7
2016,N_KH_04010102_01,,F,U,PT,,46.4
2017,N_KH_04010102_01,,F,U,PT,,47.8
2018,N_KH_04010102_01,,F,U,PT,,48.3
2019,N_KH_04010102_01,,F,U,PT,,48.2
2004,N_KH_04010102_01,,F,R,PT,,15.6
2005,N_KH_04010102_01,,F,R,PT,,15.2
2006,N_KH_04010102_01,,F,R,PT,,29.5
2007,N_KH_04010102_01,,F,R,PT,,38.4
2008,N_KH_04010102_01,,F,R,PT,,41.5
2009,N_KH_04010102_01,,F,R,PT,,43.7
2010,N_KH_04010102_01,,F,R,PT,,41.4
2011,N_KH_04010102_01,,F,R,PT,,39.5
2012,N_KH_04010102_01,,F,R,PT,,37.7
2013,N_KH_04010102_01,,F,R,PT,,37.6
2014,N_KH_04010102_01,,F,R,PT,,39.8
2015,N_KH_04010102_01,,F,R,PT,,40.4
2016,N_KH_04010102_01,,F,R,PT,,45.9
2017,N_KH_04010102_01,,F,R,PT,,49.3
2018,N_KH_04010102_01,,F,R,PT,,50.7
2019,N_KH_04010102_01,,F,R,PT,,49.9
2004,N_KH_04010102_01,,F,REMOTE,PT,,14.9
2005,N_KH_04010102_01,,F,REMOTE,PT,,10.6
2006,N_KH_04010102_01,,F,REMOTE,PT,,11.8
2007,N_KH_04010102_01,,F,REMOTE,PT,,16.8
2008,N_KH_04010102_01,,F,REMOTE,PT,,20.2
2005,N_KH_04010102_01,,M,,PT,,20.0
2006,N_KH_04010102_01,,M,,PT,,48.8
2007,N_KH_04010102_01,,M,,PT,,52.9
2008,N_KH_04010102_01,,M,,PT,,52.1
2009,N_KH_04010102_01,,M,,PT,,50.0
2010,N_KH_04010102_01,,M,,PT,,44.6
2011,N_KH_04010102_01,,M,,PT,,42.6
2012,N_KH_04010102_01,,M,,PT,,42.2
2013,N_KH_04010102_01,,M,,PT,,38.2
2014,N_KH_04010102_01,,M,,PT,,38.9
2015,N_KH_04010102_01,,M,,PT,,37.3
2016,N_KH_04010102_01,,M,,PT,,39.4
2017,N_KH_04010102_01,,M,,PT,,40.4
2018,N_KH_04010102_01,,M,,PT,,40.7
2019,N_KH_04010102_01,,M,,PT,,39.7
2005,N_KH_04010102_01,,M,U,PT,,33.4
2006,N_KH_04010102_01,,M,U,PT,,81.4
2007,N_KH_04010102_01,,M,U,PT,,86.6
2008,N_KH_04010102_01,,M,U,PT,,85.1
2009,N_KH_04010102_01,,M,U,PT,,71.5
2010,N_KH_04010102_01,,M,U,PT,,66.0
2011,N_KH_04010102_01,,M,U,PT,,54.8
2012,N_KH_04010102_01,,M,U,PT,,52.1
2013,N_KH_04010102_01,,M,U,PT,,49.5
2014,N_KH_04010102_01,,M,U,PT,,49.5
2015,N_KH_04010102_01,,M,U,PT,,44.4
2016,N_KH_04010102_01,,M,U,PT,,43.7
2017,N_KH_04010102_01,,M,U,PT,,43.4
2018,N_KH_04010102_01,,M,U,PT,,43.3
2019,N_KH_04010102_01,,M,U,PT,,43.8
2005,N_KH_04010102_01,,M,R,PT,,17.1
2006,N_KH_04010102_01,,M,R,PT,,43.2
2007,N_KH_04010102_01,,M,R,PT,,47.4
2008,N_KH_04010102_01,,M,R,PT,,47.1
2009,N_KH_04010102_01,,M,R,PT,,45.7
2010,N_KH_04010102_01,,M,R,PT,,40.2
2011,N_KH_04010102_01,,M,R,PT,,39.8
2012,N_KH_04010102_01,,M,R,PT,,37.8
2013,N_KH_04010102_01,,M,R,PT,,35.6
2014,N_KH_04010102_01,,M,R,PT,,36.3
2015,N_KH_04010102_01,,M,R,PT,,35.6
2016,N_KH_04010102_01,,M,R,PT,,38.3
2017,N_KH_04010102_01,,M,R,PT,,39.6
2018,N_KH_04010102_01,,M,R,PT,,40.0
2019,N_KH_04010102_01,,M,R,PT,,38.7
2005,N_KH_04010102_01,,M,REMOTE,PT,,13.7
2006,N_KH_04010102_01,,M,REMOTE,PT,,16.1
2007,N_KH_04010102_01,,M,REMOTE,PT,,19.6
2008,N_KH_04010102_01,,M,REMOTE,PT,,24.0
2004,N_KH_04010102_01,,,,PT,,20.6
2005,N_KH_04010102_01,,,,PT,,19.3
2006,N_KH_04010102_01,,,,PT,,41.9
2007,N_KH_04010102_01,,,,PT,,48.7
2008,N_KH_04010102_01,,,,PT,,49.0
2009,N_KH_04010102_01,,,,PT,,48.7
2010,N_KH_04010102_01,,,,PT,,44.4
2011,N_KH_04010102_01,,,,PT,,42.1
2012,N_KH_04010102_01,,,,PT,,40.6
2013,N_KH_04010102_01,,,,PT,,39.1
2014,N_KH_04010102_01,,,,PT,,40.3
2015,N_KH_04010102_01,,,,PT,,39.2
2016,N_KH_04010102_01,,,,PT,,42.6
2017,N_KH_04010102_01,,,,PT,,44.5
2018,N_KH_04010102_01,,,,PT,,45.3
2019,N_KH_04010102_01,,,,PT,,44.5
2004,N_KH_04010102_01,,,U,PT,,36.7
2005,N_KH_04010102_01,,,U,PT,,33.6
2006,N_KH_04010102_01,,,U,PT,,75.9
2007,N_KH_04010102_01,,,U,PT,,83.3
2008,N_KH_04010102_01,,,U,PT,,79.0
2009,N_KH_04010102_01,,,U,PT,,68.2
2010,N_KH_04010102_01,,,U,PT,,60.8
2011,N_KH_04010102_01,,,U,PT,,52.6
2012,N_KH_04010102_01,,,U,PT,,51.5
2013,N_KH_04010102_01,,,U,PT,,49.7
2014,N_KH_04010102_01,,,U,PT,,49.6
2015,N_KH_04010102_01,,,U,PT,,44.5
2016,N_KH_04010102_01,,,U,PT,,45.0
2017,N_KH_04010102_01,,,U,PT,,45.6
2018,N_KH_04010102_01,,,U,PT,,45.8
2019,N_KH_04010102_01,,,U,PT,,46.0
2004,N_KH_04010102_01,,,R,PT,,16.7
2005,N_KH_04010102_01,,,R,PT,,16.2
2006,N_KH_04010102_01,,,R,PT,,36.2
2007,N_KH_04010102_01,,,R,PT,,43.0
2008,N_KH_04010102_01,,,R,PT,,44.3
2009,N_KH_04010102_01,,,R,PT,,44.7
2010,N_KH_04010102_01,,,R,PT,,40.8
2011,N_KH_04010102_01,,,R,PT,,39.7
2012,N_KH_04010102_01,,,R,PT,,37.7
2013,N_KH_04010102_01,,,R,PT,,36.6
2014,N_KH_04010102_01,,,R,PT,,38.0
2015,N_KH_04010102_01,,,R,PT,,37.9
2016,N_KH_04010102_01,,,R,PT,,42.0
2017,N_KH_04010102_01,,,R,PT,,44.3
2018,N_KH_04010102_01,,,R,PT,,45.1
2019,N_KH_04010102_01,,,R,PT,,44.1
2004,N_KH_04010102_01,,,REMOTE,PT,,15.1
2005,N_KH_04010102_01,,,REMOTE,PT,,12.1
2006,N_KH_04010102_01,,,REMOTE,PT,,14.0
2007,N_KH_04010102_01,,,REMOTE,PT,,18.3
2008,N_KH_04010102_01,,,REMOTE,PT,,22.0
2009,N_KH_04010102_01,KH01,F,,PT,KH01,47.9
2010,N_KH_04010102_01,KH01,F,,PT,KH01,51.4
2011,N_KH_04010102_01,KH01,F,,PT,KH01,37.3
2012,N_KH_04010102_01,KH01,F,,PT,KH01,34.5
2013,N_KH_04010102_01,KH01,F,,PT,KH01,32.6
2014,N_KH_04010102_01,KH01,F,,PT,KH01,34.5
2015,N_KH_04010102_01,KH01,F,,PT,KH01,33.1
2016,N_KH_04010102_01,KH01,F,,PT,KH01,36.7
2017,N_KH_04010102_01,KH01,F,,PT,KH01,38.2
2018,N_KH_04010102_01,KH01,F,,PT,KH01,41.3
2019,N_KH_04010102_01,KH01,F,,PT,KH01,41.4
2009,N_KH_04010102_01,KH01,M,,PT,KH01,46.0
2010,N_KH_04010102_01,KH01,M,,PT,KH01,50.4
2011,N_KH_04010102_01,KH01,M,,PT,KH01,34.2
2012,N_KH_04010102_01,KH01,M,,PT,KH01,29.8
2013,N_KH_04010102_01,KH01,M,,PT,KH01,28.5
2014,N_KH_04010102_01,KH01,M,,PT,KH01,28.9
2015,N_KH_04010102_01,KH01,M,,PT,KH01,28.8
2016,N_KH_04010102_01,KH01,M,,PT,KH01,31.8
2017,N_KH_04010102_01,KH01,M,,PT,KH01,31.3
2018,N_KH_04010102_01,KH01,M,,PT,KH01,31.9
2019,N_KH_04010102_01,KH01,M,,PT,KH01,31.6
2009,N_KH_04010102_01,KH01,,,PT,KH01,46.9
2010,N_KH_04010102_01,KH01,,,PT,KH01,50.9
2011,N_KH_04010102_01,KH01,,,PT,KH01,35.7
2012,N_KH_04010102_01,KH01,,,PT,KH01,32.1
2013,N_KH_04010102_01,KH01,,,PT,KH01,30.5
2014,N_KH_04010102_01,KH01,,,PT,KH01,31.6
2015,N_KH_04010102_01,KH01,,,PT,KH01,30.9
2016,N_KH_04010102_01,KH01,,,PT,KH01,34.2
2017,N_KH_04010102_01,KH01,,,PT,KH01,34.6
2018,N_KH_04010102_01,KH01,,,PT,KH01,36.4
2019,N_KH_04010102_01,KH01,,,PT,KH01,36.3
2009,N_KH_04010102_01,KH02,F,,PT,KH02,46.5
2010,N_KH_04010102_01,KH02,F,,PT,KH02,41.6
2011,N_KH_04010102_01,KH02,F,,PT,KH02,38.6
2012,N_KH_04010102_01,KH02,F,,PT,KH02,35.6
2013,N_KH_04010102_01,KH02,F,,PT,KH02,34.9
2014,N_KH_04010102_01,KH02,F,,PT,KH02,35.4
2015,N_KH_04010102_01,KH02,F,,PT,KH02,34.6
2016,N_KH_04010102_01,KH02,F,,PT,KH02,36.3
2017,N_KH_04010102_01,KH02,F,,PT,KH02,38.6
2018,N_KH_04010102_01,KH02,F,,PT,KH02,40.6
2019,N_KH_04010102_01,KH02,F,,PT,KH02,41.4
2009,N_KH_04010102_01,KH02,M,,PT,KH02,44.0
2010,N_KH_04010102_01,KH02,M,,PT,KH02,43.0
2011,N_KH_04010102_01,KH02,M,,PT,KH02,33.7
2012,N_KH_04010102_01,KH02,M,,PT,KH02,30.3
2013,N_KH_04010102_01,KH02,M,,PT,KH02,28.3
2014,N_KH_04010102_01,KH02,M,,PT,KH02,28.3
2015,N_KH_04010102_01,KH02,M,,PT,KH02,27.4
2016,N_KH_04010102_01,KH02,M,,PT,KH02,28.5
2017,N_KH_04010102_01,KH02,M,,PT,KH02,30.3
2018,N_KH_04010102_01,KH02,M,,PT,KH02,32.2
2019,N_KH_04010102_01,KH02,M,,PT,KH02,30.8
2009,N_KH_04010102_01,KH02,,,PT,KH02,45.2
2010,N_KH_04010102_01,KH02,,,PT,KH02,42.2
2011,N_KH_04010102_01,KH02,,,PT,KH02,36.1
2012,N_KH_04010102_01,KH02,,,PT,KH02,32.9
2013,N_KH_04010102_01,KH02,,,PT,KH02,31.5
2014,N_KH_04010102_01,KH02,,,PT,KH02,31.8
2015,N_KH_04010102_01,KH02,,,PT,KH02,30.9
2016,N_KH_04010102_01,KH02,,,PT,KH02,32.3
2017,N_KH_04010102_01,KH02,,,PT,KH02,34.3
2018,N_KH_04010102_01,KH02,,,PT,KH02,36.3
2019,N_KH_04010102_01,KH02,,,PT,KH02,35.9
2009,N_KH_04010102_01,KH03,F,,PT,KH03,40.8
2010,N_KH_04010102_01,KH03,F,,PT,KH03,34.6
2011,N_KH_04010102_01,KH03,F,,PT,KH03,38.4
2012,N_KH_04010102_01,KH03,F,,PT,KH03,37.9
2013,N_KH_04010102_01,KH03,F,,PT,KH03,39.8
2014,N_KH_04010102_01,KH03,F,,PT,KH03,47.0
2015,N_KH_04010102_01,KH03,F,,PT,KH03,45.5
2016,N_KH_04010102_01,KH03,F,,PT,KH03,51.4
2017,N_KH_04010102_01,KH03,F,,PT,KH03,54.3
2018,N_KH_04010102_01,KH03,F,,PT,KH03,57.1
2019,N_KH_04010102_01,KH03,F,,PT,KH03,56.1
2009,N_KH_04010102_01,KH03,M,,PT,KH03,40.2
2010,N_KH_04010102_01,KH03,M,,PT,KH03,38.7
2011,N_KH_04010102_01,KH03,M,,PT,KH03,36.4
2012,N_KH_04010102_01,KH03,M,,PT,KH03,35.1
2013,N_KH_04010102_01,KH03,M,,PT,KH03,36.2
2014,N_KH_04010102_01,KH03,M,,PT,KH03,40.8
2015,N_KH_04010102_01,KH03,M,,PT,KH03,38.5
2016,N_KH_04010102_01,KH03,M,,PT,KH03,40.5
2017,N_KH_04010102_01,KH03,M,,PT,KH03,41.1
2018,N_KH_04010102_01,KH03,M,,PT,KH03,42.5
2019,N_KH_04010102_01,KH03,M,,PT,KH03,40.4
2009,N_KH_04010102_01,KH03,,,PT,KH03,40.5
2010,N_KH_04010102_01,KH03,,,PT,KH03,36.6
2011,N_KH_04010102_01,KH03,,,PT,KH03,37.4
2012,N_KH_04010102_01,KH03,,,PT,KH03,36.5
2013,N_KH_04010102_01,KH03,,,PT,KH03,37.9
2014,N_KH_04010102_01,KH03,,,PT,KH03,43.8
2015,N_KH_04010102_01,KH03,,,PT,KH03,41.9
2016,N_KH_04010102_01,KH03,,,PT,KH03,45.8
2017,N_KH_04010102_01,KH03,,,PT,KH03,47.5
2018,N_KH_04010102_01,KH03,,,PT,KH03,49.5
2019,N_KH_04010102_01,KH03,,,PT,KH03,47.9
2009,N_KH_04010102_01,KH04,F,,PT,KH04,51.3
2010,N_KH_04010102_01,KH04,F,,PT,KH04,52.8
2011,N_KH_04010102_01,KH04,F,,PT,KH04,41.3
2012,N_KH_04010102_01,KH04,F,,PT,KH04,40.7
2013,N_KH_04010102_01,KH04,F,,PT,KH04,41.6
2014,N_KH_04010102_01,KH04,F,,PT,KH04,45.8
2015,N_KH_04010102_01,KH04,F,,PT,KH04,47.7
2016,N_KH_04010102_01,KH04,F,,PT,KH04,53.7
2017,N_KH_04010102_01,KH04,F,,PT,KH04,57.5
2018,N_KH_04010102_01,KH04,F,,PT,KH04,57.1
2019,N_KH_04010102_01,KH04,F,,PT,KH04,54.5
2009,N_KH_04010102_01,KH04,M,,PT,KH04,51.6
2010,N_KH_04010102_01,KH04,M,,PT,KH04,49.2
2011,N_KH_04010102_01,KH04,M,,PT,KH04,40.1
2012,N_KH_04010102_01,KH04,M,,PT,KH04,36.6
2013,N_KH_04010102_01,KH04,M,,PT,KH04,36.0
2014,N_KH_04010102_01,KH04,M,,PT,KH04,37.7
2015,N_KH_04010102_01,KH04,M,,PT,KH04,40.1
2016,N_KH_04010102_01,KH04,M,,PT,KH04,41.1
2017,N_KH_04010102_01,KH04,M,,PT,KH04,44.4
2018,N_KH_04010102_01,KH04,M,,PT,KH04,41.2
2019,N_KH_04010102_01,KH04,M,,PT,KH04,41.0
2009,N_KH_04010102_01,KH04,,,PT,KH04,51.5
2010,N_KH_04010102_01,KH04,,,PT,KH04,51.0
2011,N_KH_04010102_01,KH04,,,PT,KH04,40.7
2012,N_KH_04010102_01,KH04,,,PT,KH04,38.6
2013,N_KH_04010102_01,KH04,,,PT,KH04,38.8
2014,N_KH_04010102_01,KH04,,,PT,KH04,41.6
2015,N_KH_04010102_01,KH04,,,PT,KH04,43.8
2016,N_KH_04010102_01,KH04,,,PT,KH04,47.2
2017,N_KH_04010102_01,KH04,,,PT,KH04,50.7
2018,N_KH_04010102_01,KH04,,,PT,KH04,48.9
2019,N_KH_04010102_01,KH04,,,PT,KH04,47.5
2009,N_KH_04010102_01,KH05,F,,PT,KH05,38.0
2010,N_KH_04010102_01,KH05,F,,PT,KH05,34.7
2011,N_KH_04010102_01,KH05,F,,PT,KH05,30.5
2012,N_KH_04010102_01,KH05,F,,PT,KH05,30.0
2013,N_KH_04010102_01,KH05,F,,PT,KH05,32.7
2014,N_KH_04010102_01,KH05,F,,PT,KH05,35.7
2015,N_KH_04010102_01,KH05,F,,PT,KH05,37.5
2016,N_KH_04010102_01,KH05,F,,PT,KH05,44.6
2017,N_KH_04010102_01,KH05,F,,PT,KH05,49.7
2018,N_KH_04010102_01,KH05,F,,PT,KH05,47.2
2019,N_KH_04010102_01,KH05,F,,PT,KH05,46.1
2009,N_KH_04010102_01,KH05,M,,PT,KH05,46.5
2010,N_KH_04010102_01,KH05,M,,PT,KH05,47.1
2011,N_KH_04010102_01,KH05,M,,PT,KH05,40.3
2012,N_KH_04010102_01,KH05,M,,PT,KH05,36.4
2013,N_KH_04010102_01,KH05,M,,PT,KH05,37.0
2014,N_KH_04010102_01,KH05,M,,PT,KH05,39.1
2015,N_KH_04010102_01,KH05,M,,PT,KH05,37.8
2016,N_KH_04010102_01,KH05,M,,PT,KH05,39.4
2017,N_KH_04010102_01,KH05,M,,PT,KH05,42.9
2018,N_KH_04010102_01,KH05,M,,PT,KH05,40.5
2019,N_KH_04010102_01,KH05,M,,PT,KH05,37.5
2009,N_KH_04010102_01,KH05,,,PT,KH05,42.4
2010,N_KH_04010102_01,KH05,,,PT,KH05,40.9
2011,N_KH_04010102_01,KH05,,,PT,KH05,35.6
2012,N_KH_04010102_01,KH05,,,PT,KH05,33.3
2013,N_KH_04010102_01,KH05,,,PT,KH05,34.9
2014,N_KH_04010102_01,KH05,,,PT,KH05,37.5
2015,N_KH_04010102_01,KH05,,,PT,KH05,37.7
2016,N_KH_04010102_01,KH05,,,PT,KH05,41.9
2017,N_KH_04010102_01,KH05,,,PT,KH05,46.2
2018,N_KH_04010102_01,KH05,,,PT,KH05,43.7
2019,N_KH_04010102_01,KH05,,,PT,KH05,41.6
2009,N_KH_04010102_01,KH06,F,,PT,KH06,43.0
2010,N_KH_04010102_01,KH06,F,,PT,KH06,39.2
2011,N_KH_04010102_01,KH06,F,,PT,KH06,39.1
2012,N_KH_04010102_01,KH06,F,,PT,KH06,36.2
2013,N_KH_04010102_01,KH06,F,,PT,KH06,39.0
2014,N_KH_04010102_01,KH06,F,,PT,KH06,38.9
2015,N_KH_04010102_01,KH06,F,,PT,KH06,38.1
2016,N_KH_04010102_01,KH06,F,,PT,KH06,45.3
2017,N_KH_04010102_01,KH06,F,,PT,KH06,48.5
2018,N_KH_04010102_01,KH06,F,,PT,KH06,52.6
2019,N_KH_04010102_01,KH06,F,,PT,KH06,50.7
2009,N_KH_04010102_01,KH06,M,,PT,KH06,40.6
2010,N_KH_04010102_01,KH06,M,,PT,KH06,45.3
2011,N_KH_04010102_01,KH06,M,,PT,KH06,35.8
2012,N_KH_04010102_01,KH06,M,,PT,KH06,33.6
2013,N_KH_04010102_01,KH06,M,,PT,KH06,31.8
2014,N_KH_04010102_01,KH06,M,,PT,KH06,31.7
2015,N_KH_04010102_01,KH06,M,,PT,KH06,30.5
2016,N_KH_04010102_01,KH06,M,,PT,KH06,34.7
2017,N_KH_04010102_01,KH06,M,,PT,KH06,36.6
2018,N_KH_04010102_01,KH06,M,,PT,KH06,38.8
2019,N_KH_04010102_01,KH06,M,,PT,KH06,38.4
2009,N_KH_04010102_01,KH06,,,PT,KH06,41.8
2010,N_KH_04010102_01,KH06,,,PT,KH06,42.1
2011,N_KH_04010102_01,KH06,,,PT,KH06,37.4
2012,N_KH_04010102_01,KH06,,,PT,KH06,34.9
2013,N_KH_04010102_01,KH06,,,PT,KH06,35.2
2014,N_KH_04010102_01,KH06,,,PT,KH06,35.2
2015,N_KH_04010102_01,KH06,,,PT,KH06,34.2
2016,N_KH_04010102_01,KH06,,,PT,KH06,39.8
2017,N_KH_04010102_01,KH06,,,PT,KH06,42.3
2018,N_KH_04010102_01,KH06,,,PT,KH06,45.4
2019,N_KH_04010102_01,KH06,,,PT,KH06,44.3
2009,N_KH_04010102_01,KH07,F,,PT,KH07,54.5
2010,N_KH_04010102_01,KH07,F,,PT,KH07,51.8
2011,N_KH_04010102_01,KH07,F,,PT,KH07,48.6
2012,N_KH_04010102_01,KH07,F,,PT,KH07,43.8
2013,N_KH_04010102_01,KH07,F,,PT,KH07,44.4
2014,N_KH_04010102_01,KH07,F,,PT,KH07,47.7
2015,N_KH_04010102_01,KH07,F,,PT,KH07,46.9
2016,N_KH_04010102_01,KH07,F,,PT,KH07,52.5
2017,N_KH_04010102_01,KH07,F,,PT,KH07,55.3
2018,N_KH_04010102_01,KH07,F,,PT,KH07,53.5
2019,N_KH_04010102_01,KH07,F,,PT,KH07,51.2
2009,N_KH_04010102_01,KH07,M,,PT,KH07,56.3
2010,N_KH_04010102_01,KH07,M,,PT,KH07,16.9
2011,N_KH_04010102_01,KH07,M,,PT,KH07,48.0
2012,N_KH_04010102_01,KH07,M,,PT,KH07,45.8
2013,N_KH_04010102_01,KH07,M,,PT,KH07,42.9
2014,N_KH_04010102_01,KH07,M,,PT,KH07,45.7
2015,N_KH_04010102_01,KH07,M,,PT,KH07,44.9
2016,N_KH_04010102_01,KH07,M,,PT,KH07,48.4
2017,N_KH_04010102_01,KH07,M,,PT,KH07,48.1
2018,N_KH_04010102_01,KH07,M,,PT,KH07,44.7
2019,N_KH_04010102_01,KH07,M,,PT,KH07,40.8
2009,N_KH_04010102_01,KH07,,,PT,KH07,55.4
2010,N_KH_04010102_01,KH07,,,PT,KH07,24.6
2011,N_KH_04010102_01,KH07,,,PT,KH07,48.3
2012,N_KH_04010102_01,KH07,,,PT,KH07,44.8
2013,N_KH_04010102_01,KH07,,,PT,KH07,43.6
2014,N_KH_04010102_01,KH07,,,PT,KH07,46.7
2015,N_KH_04010102_01,KH07,,,PT,KH07,45.8
2016,N_KH_04010102_01,KH07,,,PT,KH07,50.4
2017,N_KH_04010102_01,KH07,,,PT,KH07,51.6
2018,N_KH_04010102_01,KH07,,,PT,KH07,48.9
2019,N_KH_04010102_01,KH07,,,PT,KH07,45.8
2009,N_KH_04010102_01,KH08,F,,PT,KH08,55.6
2010,N_KH_04010102_01,KH08,F,,PT,KH08,58.1
2011,N_KH_04010102_01,KH08,F,,PT,KH08,50.0
2012,N_KH_04010102_01,KH08,F,,PT,KH08,46.8
2013,N_KH_04010102_01,KH08,F,,PT,KH08,45.6
2014,N_KH_04010102_01,KH08,F,,PT,KH08,46.1
2015,N_KH_04010102_01,KH08,F,,PT,KH08,45.9
2016,N_KH_04010102_01,KH08,F,,PT,KH08,51.0
2017,N_KH_04010102_01,KH08,F,,PT,KH08,53.1
2018,N_KH_04010102_01,KH08,F,,PT,KH08,53.6
2019,N_KH_04010102_01,KH08,F,,PT,KH08,52.8
2009,N_KH_04010102_01,KH08,M,,PT,KH08,59.1
2010,N_KH_04010102_01,KH08,M,,PT,KH08,61.2
2011,N_KH_04010102_01,KH08,M,,PT,KH08,51.4
2012,N_KH_04010102_01,KH08,M,,PT,KH08,56.2
2013,N_KH_04010102_01,KH08,M,,PT,KH08,45.2
2014,N_KH_04010102_01,KH08,M,,PT,KH08,43.5
2015,N_KH_04010102_01,KH08,M,,PT,KH08,40.1
2016,N_KH_04010102_01,KH08,M,,PT,KH08,43.0
2017,N_KH_04010102_01,KH08,M,,PT,KH08,41.9
2018,N_KH_04010102_01,KH08,M,,PT,KH08,41.1
2019,N_KH_04010102_01,KH08,M,,PT,KH08,41.6
2009,N_KH_04010102_01,KH08,,,PT,KH08,57.4
2010,N_KH_04010102_01,KH08,,,PT,KH08,59.7
2011,N_KH_04010102_01,KH08,,,PT,KH08,50.7
2012,N_KH_04010102_01,KH08,,,PT,KH08,51.3
2013,N_KH_04010102_01,KH08,,,PT,KH08,45.4
2014,N_KH_04010102_01,KH08,,,PT,KH08,44.8
2015,N_KH_04010102_01,KH08,,,PT,KH08,42.9
2016,N_KH_04010102_01,KH08,,,PT,KH08,46.8
2017,N_KH_04010102_01,KH08,,,PT,KH08,47.3
2018,N_KH_04010102_01,KH08,,,PT,KH08,47.1
2019,N_KH_04010102_01,KH08,,,PT,KH08,47.0
2009,N_KH_04010102_01,KH23,F,,PT,KH23,54.9
2010,N_KH_04010102_01,KH23,F,,PT,KH23,55.8
2011,N_KH_04010102_01,KH23,F,,PT,KH23,48.4
2012,N_KH_04010102_01,KH23,F,,PT,KH23,46.1
2013,N_KH_04010102_01,KH23,F,,PT,KH23,40.2
2014,N_KH_04010102_01,KH23,F,,PT,KH23,36.6
2015,N_KH_04010102_01,KH23,F,,PT,KH23,41.0
2016,N_KH_04010102_01,KH23,F,,PT,KH23,42.0
2017,N_KH_04010102_01,KH23,F,,PT,KH23,39.1
2018,N_KH_04010102_01,KH23,F,,PT,KH23,34.5
2019,N_KH_04010102_01,KH23,F,,PT,KH23,31.2
2009,N_KH_04010102_01,KH23,M,,PT,KH23,50.8
2010,N_KH_04010102_01,KH23,M,,PT,KH23,47.6
2011,N_KH_04010102_01,KH23,M,,PT,KH23,41.4
2012,N_KH_04010102_01,KH23,M,,PT,KH23,36.7
2013,N_KH_04010102_01,KH23,M,,PT,KH23,37.2
2014,N_KH_04010102_01,KH23,M,,PT,KH23,35.6
2015,N_KH_04010102_01,KH23,M,,PT,KH23,34.7
2016,N_KH_04010102_01,KH23,M,,PT,KH23,34.2
2017,N_KH_04010102_01,KH23,M,,PT,KH23,33.5
2018,N_KH_04010102_01,KH23,M,,PT,KH23,32.9
2019,N_KH_04010102_01,KH23,M,,PT,KH23,25.1
2009,N_KH_04010102_01,KH23,,,PT,KH23,52.8
2010,N_KH_04010102_01,KH23,,,PT,KH23,51.4
2011,N_KH_04010102_01,KH23,,,PT,KH23,44.8
2012,N_KH_04010102_01,KH23,,,PT,KH23,41.2
2013,N_KH_04010102_01,KH23,,,PT,KH23,38.6
2014,N_KH_04010102_01,KH23,,,PT,KH23,36.1
2015,N_KH_04010102_01,KH23,,,PT,KH23,37.7
2016,N_KH_04010102_01,KH23,,,PT,KH23,37.9
2017,N_KH_04010102_01,KH23,,,PT,KH23,36.2
2018,N_KH_04010102_01,KH23,,,PT,KH23,33.6
2019,N_KH_04010102_01,KH23,,,PT,KH23,28.0
2009,N_KH_04010102_01,KH09,F,,PT,KH09,40.4
2010,N_KH_04010102_01,KH09,F,,PT,KH09,44.2
2011,N_KH_04010102_01,KH09,F,,PT,KH09,36.7
2012,N_KH_04010102_01,KH09,F,,PT,KH09,35.7
2013,N_KH_04010102_01,KH09,F,,PT,KH09,34.9
2014,N_KH_04010102_01,KH09,F,,PT,KH09,32.7
2015,N_KH_04010102_01,KH09,F,,PT,KH09,30.6
2016,N_KH_04010102_01,KH09,F,,PT,KH09,30.9
2017,N_KH_04010102_01,KH09,F,,PT,KH09,35.0
2018,N_KH_04010102_01,KH09,F,,PT,KH09,37.3
2019,N_KH_04010102_01,KH09,F,,PT,KH09,36.5
2009,N_KH_04010102_01,KH09,M,,PT,KH09,44.0
2010,N_KH_04010102_01,KH09,M,,PT,KH09,52.8
2011,N_KH_04010102_01,KH09,M,,PT,KH09,41.3
2012,N_KH_04010102_01,KH09,M,,PT,KH09,38.9
2013,N_KH_04010102_01,KH09,M,,PT,KH09,35.4
2014,N_KH_04010102_01,KH09,M,,PT,KH09,36.5
2015,N_KH_04010102_01,KH09,M,,PT,KH09,34.6
2016,N_KH_04010102_01,KH09,M,,PT,KH09,35.7
2017,N_KH_04010102_01,KH09,M,,PT,KH09,34.0
2018,N_KH_04010102_01,KH09,M,,PT,KH09,35.1
2019,N_KH_04010102_01,KH09,M,,PT,KH09,31.9
2009,N_KH_04010102_01,KH09,,,PT,KH09,42.2
2010,N_KH_04010102_01,KH09,,,PT,KH09,48.4
2011,N_KH_04010102_01,KH09,,,PT,KH09,39.1
2012,N_KH_04010102_01,KH09,,,PT,KH09,37.3
2013,N_KH_04010102_01,KH09,,,PT,KH09,35.2
2014,N_KH_04010102_01,KH09,,,PT,KH09,34.6
2015,N_KH_04010102_01,KH09,,,PT,KH09,32.6
2016,N_KH_04010102_01,KH09,,,PT,KH09,33.4
2017,N_KH_04010102_01,KH09,,,PT,KH09,34.5
2018,N_KH_04010102_01,KH09,,,PT,KH09,36.2
2019,N_KH_04010102_01,KH09,,,PT,KH09,34.2
2009,N_KH_04010102_01,KH10,F,,PT,KH10,39.6
2010,N_KH_04010102_01,KH10,F,,PT,KH10,46.5
2011,N_KH_04010102_01,KH10,F,,PT,KH10,33.8
2012,N_KH_04010102_01,KH10,F,,PT,KH10,34.2
2013,N_KH_04010102_01,KH10,F,,PT,KH10,33.1
2014,N_KH_04010102_01,KH10,F,,PT,KH10,32.0
2015,N_KH_04010102_01,KH10,F,,PT,KH10,31.8
2016,N_KH_04010102_01,KH10,F,,PT,KH10,37.4
2017,N_KH_04010102_01,KH10,F,,PT,KH10,39.5
2018,N_KH_04010102_01,KH10,F,,PT,KH10,37.3
2019,N_KH_04010102_01,KH10,F,,PT,KH10,37.4
2009,N_KH_04010102_01,KH10,M,,PT,KH10,37.7
2010,N_KH_04010102_01,KH10,M,,PT,KH10,42.9
2011,N_KH_04010102_01,KH10,M,,PT,KH10,32.7
2012,N_KH_04010102_01,KH10,M,,PT,KH10,30.9
2013,N_KH_04010102_01,KH10,M,,PT,KH10,29.5
2014,N_KH_04010102_01,KH10,M,,PT,KH10,27.9
2015,N_KH_04010102_01,KH10,M,,PT,KH10,28.0
2016,N_KH_04010102_01,KH10,M,,PT,KH10,30.4
2017,N_KH_04010102_01,KH10,M,,PT,KH10,30.4
2018,N_KH_04010102_01,KH10,M,,PT,KH10,31.5
2019,N_KH_04010102_01,KH10,M,,PT,KH10,28.5
2009,N_KH_04010102_01,KH10,,,PT,KH10,38.6
2010,N_KH_04010102_01,KH10,,,PT,KH10,44.6
2011,N_KH_04010102_01,KH10,,,PT,KH10,33.3
2012,N_KH_04010102_01,KH10,,,PT,KH10,32.5
2013,N_KH_04010102_01,KH10,,,PT,KH10,31.3
2014,N_KH_04010102_01,KH10,,,PT,KH10,29.9
2015,N_KH_04010102_01,KH10,,,PT,KH10,29.9
2016,N_KH_04010102_01,KH10,,,PT,KH10,33.8
2017,N_KH_04010102_01,KH10,,,PT,KH10,34.8
2018,N_KH_04010102_01,KH10,,,PT,KH10,34.3
2019,N_KH_04010102_01,KH10,,,PT,KH10,32.8
2009,N_KH_04010102_01,KH11,F,,PT,KH11,22.0
2010,N_KH_04010102_01,KH11,F,,PT,KH11,31.8
2011,N_KH_04010102_01,KH11,F,,PT,KH11,26.2
2012,N_KH_04010102_01,KH11,F,,PT,KH11,23.7
2013,N_KH_04010102_01,KH11,F,,PT,KH11,28.4
2014,N_KH_04010102_01,KH11,F,,PT,KH11,31.4
2015,N_KH_04010102_01,KH11,F,,PT,KH11,26.9
2016,N_KH_04010102_01,KH11,F,,PT,KH11,38.4
2017,N_KH_04010102_01,KH11,F,,PT,KH11,35.3
2018,N_KH_04010102_01,KH11,F,,PT,KH11,41.0
2019,N_KH_04010102_01,KH11,F,,PT,KH11,42.7
2009,N_KH_04010102_01,KH11,M,,PT,KH11,26.9
2010,N_KH_04010102_01,KH11,M,,PT,KH11,47.9
2011,N_KH_04010102_01,KH11,M,,PT,KH11,29.7
2012,N_KH_04010102_01,KH11,M,,PT,KH11,28.0
2013,N_KH_04010102_01,KH11,M,,PT,KH11,31.1
2014,N_KH_04010102_01,KH11,M,,PT,KH11,27.8
2015,N_KH_04010102_01,KH11,M,,PT,KH11,26.5
2016,N_KH_04010102_01,KH11,M,,PT,KH11,31.3
2017,N_KH_04010102_01,KH11,M,,PT,KH11,27.9
2018,N_KH_04010102_01,KH11,M,,PT,KH11,33.8
2019,N_KH_04010102_01,KH11,M,,PT,KH11,32.7
2009,N_KH_04010102_01,KH11,,,PT,KH11,24.5
2010,N_KH_04010102_01,KH11,,,PT,KH11,39.5
2011,N_KH_04010102_01,KH11,,,PT,KH11,28.0
2012,N_KH_04010102_01,KH11,,,PT,KH11,25.9
2013,N_KH_04010102_01,KH11,,,PT,KH11,29.8
2014,N_KH_04010102_01,KH11,,,PT,KH11,29.6
2015,N_KH_04010102_01,KH11,,,PT,KH11,26.7
2016,N_KH_04010102_01,KH11,,,PT,KH11,34.8
2017,N_KH_04010102_01,KH11,,,PT,KH11,31.5
2018,N_KH_04010102_01,KH11,,,PT,KH11,37.3
2019,N_KH_04010102_01,KH11,,,PT,KH11,37.6
2009,N_KH_04010102_01,KH22,F,,PT,KH22,35.8
2010,N_KH_04010102_01,KH22,F,,PT,KH22,35.4
2011,N_KH_04010102_01,KH22,F,,PT,KH22,30.7
2012,N_KH_04010102_01,KH22,F,,PT,KH22,24.7
2013,N_KH_04010102_01,KH22,F,,PT,KH22,27.7
2014,N_KH_04010102_01,KH22,F,,PT,KH22,31.7
2015,N_KH_04010102_01,KH22,F,,PT,KH22,30.8
2016,N_KH_04010102_01,KH22,F,,PT,KH22,34.5
2017,N_KH_04010102_01,KH22,F,,PT,KH22,36.1
2018,N_KH_04010102_01,KH22,F,,PT,KH22,37.0
2019,N_KH_04010102_01,KH22,F,,PT,KH22,37.0
2009,N_KH_04010102_01,KH22,M,,PT,KH22,34.4
2010,N_KH_04010102_01,KH22,M,,PT,KH22,38.5
2011,N_KH_04010102_01,KH22,M,,PT,KH22,29.2
2012,N_KH_04010102_01,KH22,M,,PT,KH22,26.4
2013,N_KH_04010102_01,KH22,M,,PT,KH22,24.6
2014,N_KH_04010102_01,KH22,M,,PT,KH22,27.2
2015,N_KH_04010102_01,KH22,M,,PT,KH22,28.5
2016,N_KH_04010102_01,KH22,M,,PT,KH22,28.7
2017,N_KH_04010102_01,KH22,M,,PT,KH22,29.3
2018,N_KH_04010102_01,KH22,M,,PT,KH22,32.8
2019,N_KH_04010102_01,KH22,M,,PT,KH22,30.9
2009,N_KH_04010102_01,KH22,,,PT,KH22,35.1
2010,N_KH_04010102_01,KH22,,,PT,KH22,37.0
2011,N_KH_04010102_01,KH22,,,PT,KH22,29.9
2012,N_KH_04010102_01,KH22,,,PT,KH22,25.6
2013,N_KH_04010102_01,KH22,,,PT,KH22,26.1
2014,N_KH_04010102_01,KH22,,,PT,KH22,29.3
2015,N_KH_04010102_01,KH22,,,PT,KH22,29.6
2016,N_KH_04010102_01,KH22,,,PT,KH22,31.5
2017,N_KH_04010102_01,KH22,,,PT,KH22,32.6
2018,N_KH_04010102_01,KH22,,,PT,KH22,34.8
2019,N_KH_04010102_01,KH22,,,PT,KH22,33.8
2009,N_KH_04010102_01,KH24,F,,PT,KH24,42.8
2010,N_KH_04010102_01,KH24,F,,PT,KH24,31.9
2011,N_KH_04010102_01,KH24,F,,PT,KH24,32.6
2012,N_KH_04010102_01,KH24,F,,PT,KH24,30.2
2013,N_KH_04010102_01,KH24,F,,PT,KH24,26.9
2014,N_KH_04010102_01,KH24,F,,PT,KH24,27.4
2015,N_KH_04010102_01,KH24,F,,PT,KH24,26.8
2016,N_KH_04010102_01,KH24,F,,PT,KH24,27.5
2017,N_KH_04010102_01,KH24,F,,PT,KH24,32.9
2018,N_KH_04010102_01,KH24,F,,PT,KH24,31.4
2019,N_KH_04010102_01,KH24,F,,PT,KH24,32.1
2009,N_KH_04010102_01,KH24,M,,PT,KH24,45.5
2010,N_KH_04010102_01,KH24,M,,PT,KH24,43.1
2011,N_KH_04010102_01,KH24,M,,PT,KH24,32.4
2012,N_KH_04010102_01,KH24,M,,PT,KH24,32.3
2013,N_KH_04010102_01,KH24,M,,PT,KH24,26.4
2014,N_KH_04010102_01,KH24,M,,PT,KH24,26.1
2015,N_KH_04010102_01,KH24,M,,PT,KH24,23.2
2016,N_KH_04010102_01,KH24,M,,PT,KH24,25.7
2017,N_KH_04010102_01,KH24,M,,PT,KH24,27.4
2018,N_KH_04010102_01,KH24,M,,PT,KH24,26.6
2019,N_KH_04010102_01,KH24,M,,PT,KH24,28.6
2009,N_KH_04010102_01,KH24,,,PT,KH24,44.2
2010,N_KH_04010102_01,KH24,,,PT,KH24,37.6
2011,N_KH_04010102_01,KH24,,,PT,KH24,32.5
2012,N_KH_04010102_01,KH24,,,PT,KH24,31.3
2013,N_KH_04010102_01,KH24,,,PT,KH24,26.6
2014,N_KH_04010102_01,KH24,,,PT,KH24,26.7
2015,N_KH_04010102_01,KH24,,,PT,KH24,24.9
2016,N_KH_04010102_01,KH24,,,PT,KH24,26.6
2017,N_KH_04010102_01,KH24,,,PT,KH24,30.0
2018,N_KH_04010102_01,KH24,,,PT,KH24,28.9
2019,N_KH_04010102_01,KH24,,,PT,KH24,30.3
2009,N_KH_04010102_01,KH12,F,,PT,KH12,65.1
2010,N_KH_04010102_01,KH12,F,,PT,KH12,46.5
2011,N_KH_04010102_01,KH12,F,,PT,KH12,54.6
2012,N_KH_04010102_01,KH12,F,,PT,KH12,52.4
2013,N_KH_04010102_01,KH12,F,,PT,KH12,50.0
2014,N_KH_04010102_01,KH12,F,,PT,KH12,51.9
2015,N_KH_04010102_01,KH12,F,,PT,KH12,43.2
2016,N_KH_04010102_01,KH12,F,,PT,KH12,44.4
2017,N_KH_04010102_01,KH12,F,,PT,KH12,44.9
2018,N_KH_04010102_01,KH12,F,,PT,KH12,45.8
2019,N_KH_04010102_01,KH12,F,,PT,KH12,47.0
2009,N_KH_04010102_01,KH12,M,,PT,KH12,76.2
2010,N_KH_04010102_01,KH12,M,,PT,KH12,54.8
2011,N_KH_04010102_01,KH12,M,,PT,KH12,66.8
2012,N_KH_04010102_01,KH12,M,,PT,KH12,57.4
2013,N_KH_04010102_01,KH12,M,,PT,KH12,53.4
2014,N_KH_04010102_01,KH12,M,,PT,KH12,57.4
2015,N_KH_04010102_01,KH12,M,,PT,KH12,47.8
2016,N_KH_04010102_01,KH12,M,,PT,KH12,47.1
2017,N_KH_04010102_01,KH12,M,,PT,KH12,45.9
2018,N_KH_04010102_01,KH12,M,,PT,KH12,45.6
2019,N_KH_04010102_01,KH12,M,,PT,KH12,47.4
2009,N_KH_04010102_01,KH12,,,PT,KH12,70.6
2010,N_KH_04010102_01,KH12,,,PT,KH12,50.5
2011,N_KH_04010102_01,KH12,,,PT,KH12,60.6
2012,N_KH_04010102_01,KH12,,,PT,KH12,54.9
2013,N_KH_04010102_01,KH12,,,PT,KH12,51.7
2014,N_KH_04010102_01,KH12,,,PT,KH12,54.6
2015,N_KH_04010102_01,KH12,,,PT,KH12,45.5
2016,N_KH_04010102_01,KH12,,,PT,KH12,45.7
2017,N_KH_04010102_01,KH12,,,PT,KH12,45.4
2018,N_KH_04010102_01,KH12,,,PT,KH12,45.7
2019,N_KH_04010102_01,KH12,,,PT,KH12,47.2
2009,N_KH_04010102_01,KH18,F,,PT,KH18,37.8
2010,N_KH_04010102_01,KH18,F,,PT,KH18,39.2
2011,N_KH_04010102_01,KH18,F,,PT,KH18,35.2
2012,N_KH_04010102_01,KH18,F,,PT,KH18,34.1
2013,N_KH_04010102_01,KH18,F,,PT,KH18,30.6
2014,N_KH_04010102_01,KH18,F,,PT,KH18,31.1
2015,N_KH_04010102_01,KH18,F,,PT,KH18,29.7
2016,N_KH_04010102_01,KH18,F,,PT,KH18,33.7
2017,N_KH_04010102_01,KH18,F,,PT,KH18,31.8
2018,N_KH_04010102_01,KH18,F,,PT,KH18,34.1
2019,N_KH_04010102_01,KH18,F,,PT,KH18,32.7
2009,N_KH_04010102_01,KH18,M,,PT,KH18,46.2
2010,N_KH_04010102_01,KH18,M,,PT,KH18,46.5
2011,N_KH_04010102_01,KH18,M,,PT,KH18,39.4
2012,N_KH_04010102_01,KH18,M,,PT,KH18,33.2
2013,N_KH_04010102_01,KH18,M,,PT,KH18,31.9
2014,N_KH_04010102_01,KH18,M,,PT,KH18,33.1
2015,N_KH_04010102_01,KH18,M,,PT,KH18,30.5
2016,N_KH_04010102_01,KH18,M,,PT,KH18,33.8
2017,N_KH_04010102_01,KH18,M,,PT,KH18,27.6
2018,N_KH_04010102_01,KH18,M,,PT,KH18,32.0
2019,N_KH_04010102_01,KH18,M,,PT,KH18,29.3
2009,N_KH_04010102_01,KH18,,,PT,KH18,42.1
2010,N_KH_04010102_01,KH18,,,PT,KH18,43.0
2011,N_KH_04010102_01,KH18,,,PT,KH18,37.4
2012,N_KH_04010102_01,KH18,,,PT,KH18,33.6
2013,N_KH_04010102_01,KH18,,,PT,KH18,31.2
2014,N_KH_04010102_01,KH18,,,PT,KH18,32.1
2015,N_KH_04010102_01,KH18,,,PT,KH18,30.1
2016,N_KH_04010102_01,KH18,,,PT,KH18,33.7
2017,N_KH_04010102_01,KH18,,,PT,KH18,29.6
2018,N_KH_04010102_01,KH18,,,PT,KH18,33.0
2019,N_KH_04010102_01,KH18,,,PT,KH18,30.9
2009,N_KH_04010102_01,KH13,F,,PT,KH13,39.0
2010,N_KH_04010102_01,KH13,F,,PT,KH13,43.4
2011,N_KH_04010102_01,KH13,F,,PT,KH13,38.4
2012,N_KH_04010102_01,KH13,F,,PT,KH13,38.4
2013,N_KH_04010102_01,KH13,F,,PT,KH13,44.5
2014,N_KH_04010102_01,KH13,F,,PT,KH13,44.6
2015,N_KH_04010102_01,KH13,F,,PT,KH13,42.4
2016,N_KH_04010102_01,KH13,F,,PT,KH13,46.3
2017,N_KH_04010102_01,KH13,F,,PT,KH13,53.5
2018,N_KH_04010102_01,KH13,F,,PT,KH13,57.4
2019,N_KH_04010102_01,KH13,F,,PT,KH13,58.3
2009,N_KH_04010102_01,KH13,M,,PT,KH13,37.5
2010,N_KH_04010102_01,KH13,M,,PT,KH13,43.2
2011,N_KH_04010102_01,KH13,M,,PT,KH13,35.5
2012,N_KH_04010102_01,KH13,M,,PT,KH13,36.1
2013,N_KH_04010102_01,KH13,M,,PT,KH13,36.4
2014,N_KH_04010102_01,KH13,M,,PT,KH13,35.8
2015,N_KH_04010102_01,KH13,M,,PT,KH13,35.3
2016,N_KH_04010102_01,KH13,M,,PT,KH13,38.0
2017,N_KH_04010102_01,KH13,M,,PT,KH13,40.8
2018,N_KH_04010102_01,KH13,M,,PT,KH13,43.9
2019,N_KH_04010102_01,KH13,M,,PT,KH13,45.3
2009,N_KH_04010102_01,KH13,,,PT,KH13,38.2
2010,N_KH_04010102_01,KH13,,,PT,KH13,43.3
2011,N_KH_04010102_01,KH13,,,PT,KH13,37.0
2012,N_KH_04010102_01,KH13,,,PT,KH13,37.2
2013,N_KH_04010102_01,KH13,,,PT,KH13,40.3
2014,N_KH_04010102_01,KH13,,,PT,KH13,40.1
2015,N_KH_04010102_01,KH13,,,PT,KH13,38.8
2016,N_KH_04010102_01,KH13,,,PT,KH13,42.1
2017,N_KH_04010102_01,KH13,,,PT,KH13,47.0
2018,N_KH_04010102_01,KH13,,,PT,KH13,50.5
2019,N_KH_04010102_01,KH13,,,PT,KH13,51.6
2009,N_KH_04010102_01,KH14,F,,PT,KH14,43.7
2010,N_KH_04010102_01,KH14,F,,PT,KH14,44.2
2011,N_KH_04010102_01,KH14,F,,PT,KH14,41.0
2012,N_KH_04010102_01,KH14,F,,PT,KH14,38.3
2013,N_KH_04010102_01,KH14,F,,PT,KH14,39.8
2014,N_KH_04010102_01,KH14,F,,PT,KH14,42.8
2015,N_KH_04010102_01,KH14,F,,PT,KH14,46.2
2016,N_KH_04010102_01,KH14,F,,PT,KH14,51.0
2017,N_KH_04010102_01,KH14,F,,PT,KH14,58.7
2018,N_KH_04010102_01,KH14,F,,PT,KH14,60.2
2019,N_KH_04010102_01,KH14,F,,PT,KH14,57.9
2009,N_KH_04010102_01,KH14,M,,PT,KH14,52.1
2010,N_KH_04010102_01,KH14,M,,PT,KH14,53.8
2011,N_KH_04010102_01,KH14,M,,PT,KH14,44.0
2012,N_KH_04010102_01,KH14,M,,PT,KH14,41.7
2013,N_KH_04010102_01,KH14,M,,PT,KH14,42.5
2014,N_KH_04010102_01,KH14,M,,PT,KH14,43.0
2015,N_KH_04010102_01,KH14,M,,PT,KH14,42.1
2016,N_KH_04010102_01,KH14,M,,PT,KH14,44.9
2017,N_KH_04010102_01,KH14,M,,PT,KH14,47.1
2018,N_KH_04010102_01,KH14,M,,PT,KH14,47.1
2019,N_KH_04010102_01,KH14,M,,PT,KH14,47.0
2009,N_KH_04010102_01,KH14,,,PT,KH14,48.0
2010,N_KH_04010102_01,KH14,,,PT,KH14,49.1
2011,N_KH_04010102_01,KH14,,,PT,KH14,42.6
2012,N_KH_04010102_01,KH14,,,PT,KH14,40.1
2013,N_KH_04010102_01,KH14,,,PT,KH14,41.2
2014,N_KH_04010102_01,KH14,,,PT,KH14,42.9
2015,N_KH_04010102_01,KH14,,,PT,KH14,44.0
2016,N_KH_04010102_01,KH14,,,PT,KH14,47.8
2017,N_KH_04010102_01,KH14,,,PT,KH14,52.6
2018,N_KH_04010102_01,KH14,,,PT,KH14,53.3
2019,N_KH_04010102_01,KH14,,,PT,KH14,52.2
2009,N_KH_04010102_01,KH15,F,,PT,KH15,47.4
2010,N_KH_04010102_01,KH15,F,,PT,KH15,46.6
2011,N_KH_04010102_01,KH15,F,,PT,KH15,38.6
2012,N_KH_04010102_01,KH15,F,,PT,KH15,33.3
2013,N_KH_04010102_01,KH15,F,,PT,KH15,35.3
2014,N_KH_04010102_01,KH15,F,,PT,KH15,35.1
2015,N_KH_04010102_01,KH15,F,,PT,KH15,36.3
2016,N_KH_04010102_01,KH15,F,,PT,KH15,41.3
2017,N_KH_04010102_01,KH15,F,,PT,KH15,45.9
2018,N_KH_04010102_01,KH15,F,,PT,KH15,45.8
2019,N_KH_04010102_01,KH15,F,,PT,KH15,47.0
2009,N_KH_04010102_01,KH15,M,,PT,KH15,45.7
2010,N_KH_04010102_01,KH15,M,,PT,KH15,44.5
2011,N_KH_04010102_01,KH15,M,,PT,KH15,34.6
2012,N_KH_04010102_01,KH15,M,,PT,KH15,31.2
2013,N_KH_04010102_01,KH15,M,,PT,KH15,31.8
2014,N_KH_04010102_01,KH15,M,,PT,KH15,30.1
2015,N_KH_04010102_01,KH15,M,,PT,KH15,30.6
2016,N_KH_04010102_01,KH15,M,,PT,KH15,36.3
2017,N_KH_04010102_01,KH15,M,,PT,KH15,36.2
2018,N_KH_04010102_01,KH15,M,,PT,KH15,36.5
2019,N_KH_04010102_01,KH15,M,,PT,KH15,38.3
2009,N_KH_04010102_01,KH15,,,PT,KH15,46.5
2010,N_KH_04010102_01,KH15,,,PT,KH15,45.6
2011,N_KH_04010102_01,KH15,,,PT,KH15,36.5
2012,N_KH_04010102_01,KH15,,,PT,KH15,32.2
2013,N_KH_04010102_01,KH15,,,PT,KH15,33.5
2014,N_KH_04010102_01,KH15,,,PT,KH15,32.5
2015,N_KH_04010102_01,KH15,,,PT,KH15,33.4
2016,N_KH_04010102_01,KH15,,,PT,KH15,38.7
2017,N_KH_04010102_01,KH15,,,PT,KH15,40.9
2018,N_KH_04010102_01,KH15,,,PT,KH15,41.0
2019,N_KH_04010102_01,KH15,,,PT,KH15,42.5
2009,N_KH_04010102_01,KH16,F,,PT,KH16,16.9
2010,N_KH_04010102_01,KH16,F,,PT,KH16,16.8
2011,N_KH_04010102_01,KH16,F,,PT,KH16,18.9
2012,N_KH_04010102_01,KH16,F,,PT,KH16,21.3
2013,N_KH_04010102_01,KH16,F,,PT,KH16,22.8
2014,N_KH_04010102_01,KH16,F,,PT,KH16,24.1
2015,N_KH_04010102_01,KH16,F,,PT,KH16,23.7
2016,N_KH_04010102_01,KH16,F,,PT,KH16,28.8
2017,N_KH_04010102_01,KH16,F,,PT,KH16,34.4
2018,N_KH_04010102_01,KH16,F,,PT,KH16,40.5
2019,N_KH_04010102_01,KH16,F,,PT,KH16,48.2
2009,N_KH_04010102_01,KH16,M,,PT,KH16,25.0
2010,N_KH_04010102_01,KH16,M,,PT,KH16,25.8
2011,N_KH_04010102_01,KH16,M,,PT,KH16,27.0
2012,N_KH_04010102_01,KH16,M,,PT,KH16,26.5
2013,N_KH_04010102_01,KH16,M,,PT,KH16,25.9
2014,N_KH_04010102_01,KH16,M,,PT,KH16,26.2
2015,N_KH_04010102_01,KH16,M,,PT,KH16,27.8
2016,N_KH_04010102_01,KH16,M,,PT,KH16,31.5
2017,N_KH_04010102_01,KH16,M,,PT,KH16,38.7
2018,N_KH_04010102_01,KH16,M,,PT,KH16,40.4
2019,N_KH_04010102_01,KH16,M,,PT,KH16,45.6
2009,N_KH_04010102_01,KH16,,,PT,KH16,21.1
2010,N_KH_04010102_01,KH16,,,PT,KH16,21.2
2011,N_KH_04010102_01,KH16,,,PT,KH16,23.1
2012,N_KH_04010102_01,KH16,,,PT,KH16,24.0
2013,N_KH_04010102_01,KH16,,,PT,KH16,24.4
2014,N_KH_04010102_01,KH16,,,PT,KH16,25.2
2015,N_KH_04010102_01,KH16,,,PT,KH16,25.8
2016,N_KH_04010102_01,KH16,,,PT,KH16,30.1
2017,N_KH_04010102_01,KH16,,,PT,KH16,36.7
2018,N_KH_04010102_01,KH16,,,PT,KH16,40.4
2019,N_KH_04010102_01,KH16,,,PT,KH16,46.8
2009,N_KH_04010102_01,KH17,F,,PT,KH17,43.7
2010,N_KH_04010102_01,KH17,F,,PT,KH17,46.6
2011,N_KH_04010102_01,KH17,F,,PT,KH17,42.3
2012,N_KH_04010102_01,KH17,F,,PT,KH17,40.8
2013,N_KH_04010102_01,KH17,F,,PT,KH17,41.5
2014,N_KH_04010102_01,KH17,F,,PT,KH17,42.3
2015,N_KH_04010102_01,KH17,F,,PT,KH17,43.8
2016,N_KH_04010102_01,KH17,F,,PT,KH17,49.9
2017,N_KH_04010102_01,KH17,F,,PT,KH17,52.3
2018,N_KH_04010102_01,KH17,F,,PT,KH17,56.0
2019,N_KH_04010102_01,KH17,F,,PT,KH17,55.8
2009,N_KH_04010102_01,KH17,M,,PT,KH17,40.9
2010,N_KH_04010102_01,KH17,M,,PT,KH17,43.6
2011,N_KH_04010102_01,KH17,M,,PT,KH17,37.1
2012,N_KH_04010102_01,KH17,M,,PT,KH17,33.3
2013,N_KH_04010102_01,KH17,M,,PT,KH17,31.1
2014,N_KH_04010102_01,KH17,M,,PT,KH17,31.8
2015,N_KH_04010102_01,KH17,M,,PT,KH17,34.3
2016,N_KH_04010102_01,KH17,M,,PT,KH17,35.8
2017,N_KH_04010102_01,KH17,M,,PT,KH17,36.6
2018,N_KH_04010102_01,KH17,M,,PT,KH17,40.1
2019,N_KH_04010102_01,KH17,M,,PT,KH17,41.2
2009,N_KH_04010102_01,KH17,,,PT,KH17,42.3
2010,N_KH_04010102_01,KH17,,,PT,KH17,45.1
2011,N_KH_04010102_01,KH17,,,PT,KH17,39.6
2012,N_KH_04010102_01,KH17,,,PT,KH17,37.0
2013,N_KH_04010102_01,KH17,,,PT,KH17,36.2
2014,N_KH_04010102_01,KH17,,,PT,KH17,36.9
2015,N_KH_04010102_01,KH17,,,PT,KH17,38.9
2016,N_KH_04010102_01,KH17,,,PT,KH17,42.6
2017,N_KH_04010102_01,KH17,,,PT,KH17,44.2
2018,N_KH_04010102_01,KH17,,,PT,KH17,47.8
2019,N_KH_04010102_01,KH17,,,PT,KH17,48.3
2009,N_KH_04010102_01,KH19,F,,PT,KH19,38.0
2010,N_KH_04010102_01,KH19,F,,PT,KH19,40.3
2011,N_KH_04010102_01,KH19,F,,PT,KH19,36.0
2012,N_KH_04010102_01,KH19,F,,PT,KH19,30.9
2013,N_KH_04010102_01,KH19,F,,PT,KH19,30.3
2014,N_KH_04010102_01,KH19,F,,PT,KH19,27.7
2015,N_KH_04010102_01,KH19,F,,PT,KH19,27.4
2016,N_KH_04010102_01,KH19,F,,PT,KH19,28.9
2017,N_KH_04010102_01,KH19,F,,PT,KH19,34.0
2018,N_KH_04010102_01,KH19,F,,PT,KH19,36.8
2019,N_KH_04010102_01,KH19,F,,PT,KH19,40.4
2009,N_KH_04010102_01,KH19,M,,PT,KH19,39.0
2010,N_KH_04010102_01,KH19,M,,PT,KH19,42.9
2011,N_KH_04010102_01,KH19,M,,PT,KH19,31.1
2012,N_KH_04010102_01,KH19,M,,PT,KH19,30.7
2013,N_KH_04010102_01,KH19,M,,PT,KH19,32.2
2014,N_KH_04010102_01,KH19,M,,PT,KH19,29.5
2015,N_KH_04010102_01,KH19,M,,PT,KH19,24.6
2016,N_KH_04010102_01,KH19,M,,PT,KH19,27.8
2017,N_KH_04010102_01,KH19,M,,PT,KH19,33.2
2018,N_KH_04010102_01,KH19,M,,PT,KH19,34.6
2019,N_KH_04010102_01,KH19,M,,PT,KH19,35.6
2009,N_KH_04010102_01,KH19,,,PT,KH19,38.5
2010,N_KH_04010102_01,KH19,,,PT,KH19,41.6
2011,N_KH_04010102_01,KH19,,,PT,KH19,33.5
2012,N_KH_04010102_01,KH19,,,PT,KH19,30.8
2013,N_KH_04010102_01,KH19,,,PT,KH19,31.2
2014,N_KH_04010102_01,KH19,,,PT,KH19,28.6
2015,N_KH_04010102_01,KH19,,,PT,KH19,26.0
2016,N_KH_04010102_01,KH19,,,PT,KH19,28.4
2017,N_KH_04010102_01,KH19,,,PT,KH19,33.6
2018,N_KH_04010102_01,KH19,,,PT,KH19,35.6
2019,N_KH_04010102_01,KH19,,,PT,KH19,38.0
2009,N_KH_04010102_01,KH20,F,,PT,KH20,48.0
2010,N_KH_04010102_01,KH20,F,,PT,KH20,38.7
2011,N_KH_04010102_01,KH20,F,,PT,KH20,42.4
2012,N_KH_04010102_01,KH20,F,,PT,KH20,40.3
2013,N_KH_04010102_01,KH20,F,,PT,KH20,40.2
2014,N_KH_04010102_01,KH20,F,,PT,KH20,44.6
2015,N_KH_04010102_01,KH20,F,,PT,KH20,48.6
2016,N_KH_04010102_01,KH20,F,,PT,KH20,56.6
2017,N_KH_04010102_01,KH20,F,,PT,KH20,58.1
2018,N_KH_04010102_01,KH20,F,,PT,KH20,62.9
2019,N_KH_04010102_01,KH20,F,,PT,KH20,58.6
2009,N_KH_04010102_01,KH20,M,,PT,KH20,59.0
2010,N_KH_04010102_01,KH20,M,,PT,KH20,62.4
2011,N_KH_04010102_01,KH20,M,,PT,KH20,52.1
2012,N_KH_04010102_01,KH20,M,,PT,KH20,49.3
2013,N_KH_04010102_01,KH20,M,,PT,KH20,47.8
2014,N_KH_04010102_01,KH20,M,,PT,KH20,48.8
2015,N_KH_04010102_01,KH20,M,,PT,KH20,47.9
2016,N_KH_04010102_01,KH20,M,,PT,KH20,50.4
2017,N_KH_04010102_01,KH20,M,,PT,KH20,52.6
2018,N_KH_04010102_01,KH20,M,,PT,KH20,50.8
2019,N_KH_04010102_01,KH20,M,,PT,KH20,48.4
2009,N_KH_04010102_01,KH20,,,PT,KH20,53.8
2010,N_KH_04010102_01,KH20,,,PT,KH20,49.7
2011,N_KH_04010102_01,KH20,,,PT,KH20,47.4
2012,N_KH_04010102_01,KH20,,,PT,KH20,45.0
2013,N_KH_04010102_01,KH20,,,PT,KH20,44.2
2014,N_KH_04010102_01,KH20,,,PT,KH20,46.8
2015,N_KH_04010102_01,KH20,,,PT,KH20,48.3
2016,N_KH_04010102_01,KH20,,,PT,KH20,53.3
2017,N_KH_04010102_01,KH20,,,PT,KH20,55.2
2018,N_KH_04010102_01,KH20,,,PT,KH20,56.5
2019,N_KH_04010102_01,KH20,,,PT,KH20,53.2
2009,N_KH_04010102_01,KH21,F,,PT,KH21,60.8
2010,N_KH_04010102_01,KH21,F,,PT,KH21,58.7
2011,N_KH_04010102_01,KH21,F,,PT,KH21,52.7
2012,N_KH_04010102_01,KH21,F,,PT,KH21,52.9
2013,N_KH_04010102_01,KH21,F,,PT,KH21,52.9
2014,N_KH_04010102_01,KH21,F,,PT,KH21,57.5
2015,N_KH_04010102_01,KH21,F,,PT,KH21,57.6
2016,N_KH_04010102_01,KH21,F,,PT,KH21,61.8
2017,N_KH_04010102_01,KH21,F,,PT,KH21,65.7
2018,N_KH_04010102_01,KH21,F,,PT,KH21,65.0
2019,N_KH_04010102_01,KH21,F,,PT,KH21,60.3
2009,N_KH_04010102_01,KH21,M,,PT,KH21,69.4
2010,N_KH_04010102_01,KH21,M,,PT,KH21,66.2
2011,N_KH_04010102_01,KH21,M,,PT,KH21,58.9
2012,N_KH_04010102_01,KH21,M,,PT,KH21,56.3
2013,N_KH_04010102_01,KH21,M,,PT,KH21,55.2
2014,N_KH_04010102_01,KH21,M,,PT,KH21,57.1
2015,N_KH_04010102_01,KH21,M,,PT,KH21,54.0
2016,N_KH_04010102_01,KH21,M,,PT,KH21,55.5
2017,N_KH_04010102_01,KH21,M,,PT,KH21,57.8
2018,N_KH_04010102_01,KH21,M,,PT,KH21,55.7
2019,N_KH_04010102_01,KH21,M,,PT,KH21,50.0
2009,N_KH_04010102_01,KH21,,,PT,KH21,65.3
2010,N_KH_04010102_01,KH21,,,PT,KH21,62.5
2011,N_KH_04010102_01,KH21,,,PT,KH21,55.9
2012,N_KH_04010102_01,KH21,,,PT,KH21,54.7
2013,N_KH_04010102_01,KH21,,,PT,KH21,54.1
2014,N_KH_04010102_01,KH21,,,PT,KH21,57.3
2015,N_KH_04010102_01,KH21,,,PT,KH21,55.7
2016,N_KH_04010102_01,KH21,,,PT,KH21,58.5
2017,N_KH_04010102_01,KH21,,,PT,KH21,61.5
2018,N_KH_04010102_01,KH21,,,PT,KH21,60.1
2019,N_KH_04010102_01,KH21,,,PT,KH21,54.9
2014,N_KH_04010102_01,KH25,F,,PT,KH25,34.8
2015,N_KH_04010102_01,KH25,F,,PT,KH25,35.3
2016,N_KH_04010102_01,KH25,F,,PT,KH25,41.8
2017,N_KH_04010102_01,KH25,F,,PT,KH25,45.4
2018,N_KH_04010102_01,KH25,F,,PT,KH25,45.5
2019,N_KH_04010102_01,KH25,F,,PT,KH25,47.2
2014,N_KH_04010102_01,KH25,M,,PT,KH25,30.3
2015,N_KH_04010102_01,KH25,M,,PT,KH25,29.7
2016,N_KH_04010102_01,KH25,M,,PT,KH25,31.2
2017,N_KH_04010102_01,KH25,M,,PT,KH25,33.8
2018,N_KH_04010102_01,KH25,M,,PT,KH25,35.2
2019,N_KH_04010102_01,KH25,M,,PT,KH25,34.6
2014,N_KH_04010102_01,KH25,,,PT,KH25,32.5
2015,N_KH_04010102_01,KH25,,,PT,KH25,32.4
2016,N_KH_04010102_01,KH25,,,PT,KH25,36.3
2017,N_KH_04010102_01,KH25,,,PT,KH25,39.4
2018,N_KH_04010102_01,KH25,,,PT,KH25,40.1
2019,N_KH_04010102_01,KH25,,,PT,KH25,40.6
